id,product_name
506,Asus Vivobook 16X K3605ZC-MBN541WS Laptop (12th Gen Core i5/ 16 GB RAM/ 512 GB SSD/ Win 11/ 4 GB Graphics)
565,Asus VivoBook 14 2023 X1404ZA-NK321WS Laptop (12th Gen Core i3/ 8GB/ 512GB SSD/ Win11 Home)
593,Acer Nitro 5 AN515-58 NH.QFHSI.008 Gaming Laptop (12th Gen Core i5/ 8GB/ 512GB SSD/ Win11/ 4GB Graph)
609,MSI Creator Pro M16 B13VI-1273IN Gaming Laptop (13th Gen Core i7/ 16GB/ 1TB SSD/ Win 11/ 6GB Graph)
774,HP Victus 15-fb0133AX Gaming Laptop (AMD Ryzen 5 5600H/ 16GB/ 512GB SSD/ Win11/ 4GB Graph)
678,Lenovo IdeaPad Gaming 3 15ACH6 82K2025JIN Laptop (AMD Ryzen 5 5600H/ 8GB/ 512GB SSD/ Win11 Home/ 4GB Graph)
744,Acer Aspire 7 A715-76G UN.QMESI.004 Gaming Laptop (12th Gen Core i5/ 16GB/ 512GB SSD/ Win11 Home/ 4GB Graph)
795,Acer Aspire Vero AV14-52P NX.KJSSI.002 Laptop (13th Gen Core i5/ 16GB/ 512GB SSD/ Win11 Home)
877,MSI Summit E13 Flip Evo A11MT-213IN Laptop (11th Gen Core i7/ 16GB/ 512GB SSD/ Win10)
911,Asus Zenbook 14 OLED 2023 UX3402VA-KM541WS Laptop (13th Gen Core i5/ 16GB/ 512GB SSD/ Win11 Home)
66,Asus TUF Gaming F15 2023 FX507ZV-LP094W Gaming Laptop (12th Gen Core i7/ 16GB/512GB SSD/ Win11 Home/ 8GB Graph)
78,Asus Vivobook S14 OLED S3402ZA-KM501WS Laptop (12th Gen Core i5/ 16GB/ 512GB SSD/ Win11 Home)
456,HP Victus 15-fb0158AX Gaming Laptop (AMD Ryzen 5 5600H/ 8GB/ 512GB SSD/ Win11/ 4GB Graph)
148,Lenovo Legion Pro 5 16IRX8 82WK00MWIN Gaming Laptop (13th Gen Core i7/ 16GB/ 1TB SSD/ Win11/ 8GB Graph)
193,HP Victus 16-D0314TX Gaming Laptop (11th Gen Core i5/ 16GB/ 512GB SSD/ Win11/ 4GB Graph)
221,HP Victus 15-fb0131AX Gaming Laptop (AMD Ryzen 5 5600H/ 8GB/ 512GB SSD/ Win11/ 4GB Graph)
263,HP Victus 15-fb0777AX Gaming Laptop (AMD Ryzen 5 5600H/ 8GB/ 512GB SSD/ Win11/ 4GB Graph)
313,Dell Inspiron 3520 IN3520RVTGV001ORB1 Laptop (11th Gen Core i3/ 8GB/ 512GB SSD/ Win11)
345,Acer Aspire 5 A514-56M NX.KH6SI.001 Gaming Laptop (13th Gen Core i5/ 16GB/ 512GB SSD/ Win11 Home)
371,Dell Inspiron 7430 2 in 1 2023 Laptop (13th Gen Core i3/ 8GB/ 256GB SSD/ Win11)
809,Asus TUF Gaming A15 FA577NU-LP082W Gaming Laptop (AMD Ryzen 7 7735HS/ 16GB/ 512GB SSD/ Win11/ 6GB Graph)
839,Asus Zenbook Pro 14 Duo OLED 2023 UX8402VU-MZ551WS Laptop (13th Gen Core i5/ 16GB/ 1TB SSD/ Win11 Home/ 6GB Graph)
888,MSI Raider GE68HX 13VG-027IN Gaming Laptop (13th Gen Core i9/ 32GB/ 2TB SSD/ Win11 Home/ 8GB Graph)
935,Lenovo ThinkBook 15 G3 21A4A08WIH Laptop (AMD Ryzen 3 5300U/ 8 GB/ 512 GB SSD/ Win11 Home)
962,Asus Vivobook Go 14 2023 E1404FA-NK542WS Laptop (Ryzen 5 7520U / 16GB/ 512GB SSD/ Win11)
991,Asus Vivobook Go 15 2023 E1504FA-NJ522WS Laptop (Ryzen 5 7520U / 8GB/ 512GB SSD/ Win11 Home)
26,Asus Vivobook 15 X1502ZA-EJ385WS Laptop (12th Gen Core i3/ 8GB/ 512GB SSD/ Win11)
33,Samsung Galaxy Book2 NP550XED-KA1IN 15 Laptop (12th Gen Core i5/ 8GB/ 512GB SSD/ Win11)
44,HP Victus 15-fa1062TX Gaming Laptop (13th Gen Core i5/ 16GB/ 512GB SSD/ Win11 Home/ 6GB Graph)
49,MSI Modern 14 C11M-030IN Laptop (11th Gen Core i5/ 8GB/ 512GB SSD/ Win11 Home)
50,Asus ROG Strix SCAR 16 2023 G634JZ-NM057WS Gaming Laptop (13th Gen Core i9/ 32GB/ 1TB SSD/ Win11 Home/ 12GB Graph)
610,MSI Prestige 14H B12UCX-412IN Laptop (12th Gen Core i5/ 16GB/ 512GB SSD/Win11 Home/ 4GB Graphic)
639,HP Chromebook 15a-nb0002TU Laptop ( Intel Core i3-N305/ 8GB/ 256GB SSD/ Chrome OS)
61,Dell Inspiron 5430 Laptop (13th Gen Core i7/ 16GB/ 1TB SSD/ Win11)
65,Asus VivoBook 14 X415EA-EK344WS Notebook (11th Gen Core i3/ 16GB/ 512GB SSD/ Win11 Home)
76,HP Victus 15-fa0070TX Laptop (12th Gen Core i5/ 8GB/ 512GB SSD/ Win11 Home/ 4GB Graph)
82,Dell G15-5530 Gaming Laptop (13th Gen Core i5/ 16GB/ 1TB SSD/ Win11/ 6GB Graph)
90,MSI Thin GF63 11SC-1629IN Gaming Laptop (11th Gen Core i5/ 16GB/ 512GB SSD/ Win11 Home/ 4GB Graph)
97,Lenovo IdeaPad Gaming 3 82SB00V3IN Laptop (AMD Ryzen 5 6600H/ 16GB/ 512GB SSD/ Win11 Home/ 4GB Graph)
106,Asus TUF Gaming F15  FX506HF-HN075W Gaming Laptop (11th Gen Core i5/ 8GB/ 512GB SSD/ Win11/ 4GB Graph)
113,Asus Vivobook 14X K3405ZFB-KM541WS Laptop (12th Gen Core i5 /16GB/512GB SSD/Win11)
121,Acer Predator Helios Neo 16 NH.QLTSI.001 Laptop (13th Gen Core i5/ 16GB/ 512GB SSD/ Win11/ 6GB Graph)
131,Asus VivoBook 15 X515EA-EJ522WS Laptop (11th Gen Core i5/ 8GB/ 512GB SSD/ Win11)
936,Lenovo V15 G2 82KDA022IH Laptop (AMD Ryzen 5 5500U/ 8GB/ 512GB SSD/ Win11 Home)
944,MSI Modern 15 B7M-071IN Laptop (AMD Ryzen 5-7530U/ 16GB/ 512GB SSD/ Win11)
951,Lenovo Thinkpad P16s 21BTS02000 Laptop (12th Gen Core i7/ 16GB/ 1TB SSD/ Win11 Pro/ 4GB Graph)
958,HP 255 G8 689T4PA Laptop (Ryzen 3 3250U/ 8GB/512GB SSD/ Win11 Home)
964,MSI Modern 14 C7M-063IN Laptop (Ryzen 5 7530U/ 8GB/ 512GB SSD/ Win11)
970,MSI Sword 15 A12UDX-468IN Gaming Laptop (12th Gen Core i5/ 16GB/ 1TB SSD/ Win11/ 6GB Graph)
973,Asus Vivobook Pro 15 M6500QC-HN742WS Laptop (Ryzen 7 5800H/ 16GB/ 512GB SSD/ Win11/ 4GB Graph)
983,Asus Vivobook Flip 14 2023 TN3402YAB-LZ522WS Laptop (Ryzen 5 7530U/ 8GB/ 512GB SSD/ Win11 Home)
989,Asus Vivobook Pro 15 M6500QC-HN542WS Laptop (Ryzen 5 5600H/ 16GB/ 512GB SSD/ Win11/ 4GB Graph)
196,Asus Zenbook 14X OLED 2023 UX5401ZA-KM541WS Laptop (12th Gen Core i5/ 16GB/ 512GB SSD/ Win11 Home)
318,Acer Aspire Lite 15 AL15-51 2023  Laptop (11th Gen Core i5/ 16GB/ 1TB SSD/ Win11)
455,Lenovo Legion Slim 5 82Y9009KIN Gaming Laptop (AMD Ryzen 7 7840HS/ 16GB/ 512GB SSD/ Win11/ 6GB Graph)
590,HP Omen 16-xf0059AX Gaming Laptop (AMD Ryzen 7 7840HS/ 16GB/ 512GB SSD/ Win11/ 8GB Graph)
693,Lenovo IdeaPad Gaming 3 15IAH7 82S9014KIN Laptop (12th Gen Core i5/ 16GB/ 512GB SSD/ Win11 Home/ 4GB Graph)
140,Lenovo V15 G4 82YU00W9IN Laptop (Ryzen 5 7520U/ 8GB/ 512GB SSD/ Win11 Home)
145,Apple MacBook Pro 16 2023 Laptop (Apple M3 Max/ 36GB/ 1TB SSD/ macOS)
153,Acer Aspire 3 A315-24P NX.KDESI.00B Laptop (AMD Ryzen 5 7520U/ 8GB/ 512GB SSD/ Win11 Home)
159,HP 15s-fq5185TU Laptop (12th Gen Core i3/ 8GB/ 512GB SSD/ Win11 Home)
85,Lenovo IdeaPad Slim 3 82X60013IN Laptop (13th Gen Core i3/ 8GB/ 512GB SSD/ Win11)
93,MSI Katana 15 B13UDXK-1482IN Gaming Laptop (13th Gen Core i5/ 32GB/ 1TB SSD/ Win11 Home/ 6GB Graph)
99,Asus ROG Strix G16 2023 G614JJ-N3086WS Gaming Laptop (13th Gen Core i5/ 16GB/ 512GB SSD/ Win11/ 6GB Graph)
105,HP Victus15-fb0147AX Gaming Laptop (Ryzen 5 5600H/ 8GB/ 512GB SSD/ Win11 Home/ 4GB Graph)
112,Infinix Zerobook 13 ZL513 2023 Laptop (13th Gen Core i7/ 32GB/ 1TB SSD/ Win 11 Home)
382,HP Omen 17-ck2008AX Gaming Laptop (13th Gen Core i7/ 16 GB RAM/ 1TB SSD/ Win 11/ 12GB Graphics)
464,Lenovo ThinkBook 15 Gen 5 21JF0026MJ Laptop (AMD Ryzen 7 7730U/ 16GB/ 512GB SSD/ Win11)
572,Asus Vivobook Pro 15 M6500QFB-LK541WS Laptop (AMD Ryzen 5 5600H/ 16GB/ 512GB SSD/ Win11/ 4GB Graph)
625,Acer Aspire 5 2023 A515-58M Gaming Laptop (13th Gen Core i7/ 8GB/ 512GB SSD/ Win11 Home/ 4GB Graphic)
754,HP Victus 16-d0302TX Gaming Laptop (11th Gen Core i5/ 8GB/ 512GB SSD/ Win11/ 4GB Graph)
834,MSI Stealth 16 Studio A13VG-030IN Gaming Laptop (13th Gen Core i7/ 32GB/ 1TB SSD/ Win11 Home/ 8GB Graph)
914,Asus Vivobook Go 15 OLED 2023 E1504GA-LK322WS Laptop (Intel Core i3-N305/ 8GB/ 512GB SSD/ Win11 Home)
28,Acer Nitro V ANV15-51 2023 Gaming Laptop (13th Gen Core i5/ 16GB/ 512GB SSD/ Win11/ 6GB Graph)
67,Asus TUF Gaming F15 FX506HF-HN025W Gaming Laptop (11th Gen Core i5/ 16GB/ 512GB SSD/ Win11/ 4GB Graph)
165,Asus ROG Strix G15 G513RC-HN251WS Gaming Laptop (AMD Ryzen 7 6800H/ 16GB/ 1TB SSD/ Win11/ 4GB Graph)
469,Asus Vivobook 15 X1502ZA-EJ993WS Laptop (12th Gen Core i3/ 16GB/ 512GB SSD/ Win11)
184,HP Pavilion 15-eg3017TU Laptop (13th Gen Core i5/ 16GB/ 1TB SSD/ Win11 Home)
269,Dell Inspiron 5420 Laptop (12th Gen Core i5/ 16GB/ 512GB SSD/ Win11)
190,Lenovo LOQ 15IRH8 82XV00BRIN 2023 Gaming Laptop (13th Gen Core i7/ 16GB/ 512GB SSD/ Win11/ 8GB Graph)
199,Dell G15-5520 2023 Laptop (12th Gen Core i5/ 16GB/ 1TB SSD/ Win11 Home/ 4GB Graph)
205,Asus Vivobook 16X 2023 K3605ZU-MB741WS Laptop (12th Gen Core i7/ 16GB/ 512GB SSD/ Win11 Home/ 6GB Graph)
213,MSI Modern 14 C12M-444IN Laptop (12th Gen Core i3/ 16GB/ 512GB SSD/ Win11 Home)
215,Asus VivoBook 14 X415EA-EK326WS Notebook (11th Gen Core i3/ 8GB/ 512GB SSD/ Win11 Home)
252,MSI Sword 15 A12VF-401IN Gaming Laptop (12th Gen Core i7/ 16GB/ 1TB SSD/ Win11/ 8GB Graph)
254,Acer Aspire 5 UN.K3JSI.004 Laptop (12th Gen Core i5/ 12GB/ 512GB SSD/ Win11 Home)
865,Asus Vivobook Pro 16 OLED 2023 K6602VU-LZ542WS Laptop (13th Gen Core i5/ 16GB/ 512GB SSD/ Win11/ 6GB Graph)
259,Samsung Galaxy Book 3 NP750XFG-KA3IN Laptop (13th Gen Core i7/ 16GB/ 512GB SSD/ Win11)
266,HP Envy x360 13-bf0121TU  Laptop (12th Gen Core i5/ 16GB/ 512GB SSD/ Win11)
277,Lenovo IdeaPad Gaming 3 82K201ULIN Laptop (Ryzen 5 5600H/ 16GB/ 512GB SSD/ Win11 Home/ 4GB Graph)
284,Samsung Galaxy Book2 Pro 15 Laptop (12th Gen Core i7/ 16GB/ 512GB SSD/ Win11)
288,Avita Pura NS14A6 Laptop (AMD Ryzen 5/ 8GB/ 512GB SSD/ Win10)
591,Asus Vivobook Go 15 E510MA-EJ001W Laptop (Celeron N4020/ 4GB/ 256GB SSD/ Win11 Home)
295,Dell G16 7630 Gaming Laptop (13th Gen Core i9/ 16GB/ 1TB SSD/ Win11/ 8GB Graph)
296,HP Envy x360 15-fh0014AU Laptop (AMD Ryzen 5 7530U/ 8GB/ 512GB SSD/ Win11 Home)
304,Lenovo V14 82KAA01QIH Laptop (11th Gen Core i5/ 8GB/ 512GB SSD/ Win10 Home)
309,Dell Inspiron 7430 14 2 in 1 Laptop (13th Gen Core i3/ 8GB/ 512GB SSD/ Win11)
316,Lenovo IdeaPad Slim 3 82H803U0IN Laptop (11th Gen Core i3/ 8GB/ 256GB SSD/ Win11)
327,Lenovo Yoga Slim 7i Carbon 13IRP8 83AY003CIN Laptop (13th Gen Core i7/ 16GB/ 1TB SSD/ Win11 Home)
335,Apple MacBook Pro 14 2023 Laptop (Apple M3/ 8GB/ 512GB SSD/ macOS)
341,Lenovo S14 Gen 3 82TW000VIH Laptop (12th Gen Core i5/ 8GB/ 512GB SSD/ DOS)
347,Dell Inspiron 7430 IC7430MH5K0M01ORS1 Laptop (13th Gen Core i5/ 8GB/ 512GB SSD/ Win11)
350,Asus Vivobook Pro 15 OLED M6500QC-LK751WS Laptop (Ryzen 7 5800HS/ 16GB/ 1TB SSD/ Win11/ 4GB Graph)
352,Dell G15-5530 15 2023 Gaming Laptop (13th Gen Core i7/ 16GB/ 1TB SSD/ Win11/ 6GB Graph)
359,Lenovo IdeaPad 3 15IAU7 82RK00WXIN Laptop (12th Gen Core i3/ 8GB/ 256GB SSD/ Win11 Home)
367,Asus Vivobook Pro 15 OLED M6500QC-LK741WS Laptop (Ryzen 7 5800HS/ 16GB/ 512GB SSD/ Win11/ 4GB Graph)
389,Lenovo IdeaPad Pro 5 83AQ005SIN Gaming Laptop (13th Gen Core i7/ 16GB/ 1TB SSD/ Win11/ 6GB Graph)
375,Primebook PBMTWIFI11064 Wi-Fi Laptop (MediaTek MT8183/ 4GB/ 64B eMMC/ Prime OS)
381,HP Pavilion Plus 14-ey0789AU Laptop (AMD Ryzen 7 7840H/ 16GB/ 1TB SSD/ Win 11)
387,Lenovo Yoga Slim 6 14IRH8 83E00015IN Laptop (13th Gen Core i5/ 16GB/ 1TB SSD/ Win11 Home)
394,Asus Vivobook 15 X1502ZA-EJ531WS Laptop (12th Gen Core i5/ 8GB/ 512GB SSD/ Win11)
402,Lenovo Legion Pro 7 2023 82WQ007TIN Gaming Laptop (13th Gen Core i9/ 32GB/ 1TB SSD/ Win11 Home/ 12GB Graph)
413,Acer Aspire 5 2023 A515-58GM Gaming Laptop (13th Gen Core i5/ 16GB/ 512GB SSD/ Win11/ 4GB Graphics)
424,Lenovo IdeaPad Gaming 3 82K2028AIN Laptop (AMD Ryzen 5 5600H/ 8GB/ 512GB SSD/ Win11 Home/ 4GB Graph)
432,Lenovo V15 G3 82TTA02UIH Laptop (12th Gen Core i5/ 8GB/ 512GB SSD/ Win11)
438,HP 240 G9 821J4PA Laptop (12th Gen Core i5/ 8GB/ 512 GB SSD/ Win11)
441,Asus ROG Strix G17 G713RC-HX109WS Gaming Laptop (AMD Ryzen 7 6800H/ 16GB/ 512GB SSD/ Win11/ 4GB Graph)
448,Lenovo Yoga 6 13ABR8 83B2007UIN Laptop (AMD Ryzen 7 7730U/ 16GB/ 1TB SSD/ Win11 Home)
454,Lenovo Legion Slim 5 16APH8 82Y90042IN Gaming Laptop (AMD Ryzen 7 7840HS/ 16GB/ 512GB SSD/ Win11/ 8GB Graph)
716,Asus Vivobook 15 X1504ZA-NJ521WS Laptop (12th Gen Core i5/ 8GB/ 512GB SSD/ Win11)
471,HP Pavilion 15-eg3018TU Laptop (13th Gen Core i5/ 16GB/ 1TB SSD/ Win11 Home)
478,Lenovo Ideapad Slim 5 82XE004QIN Laptop (AMD Ryzen 5 7530U/ 16 GB RAM/ 512 GB SSD/ Win 11)
482,Asus Vivobook 16X 2023 K3605ZC-MBN752WS Laptop (12th Gen Core i7/ 16GB/ 1TB SSD/ Win11 Home/ 4GB Graph)
491,Asus Chromebook CX1400CKA-EK0335 Laptop (Celeron N4500/ 4GB/ 128GB eMMC/ Chrome OS)
497,Asus Vivobook 16X K3605ZU-MBN742WS Laptop (12th Gen Core i7/ 16 GB RAM/ 512 GB SSD/ Win 11/ 6GB Graphics)
507,Asus Vivobook 16X K3605ZU-MBN541WS Laptop (12th Gen Core i5/ 16 GB RAM/ 512 GB SSD/ Win 11/ 6GB Graphics)
520,HP Victus 15-fb1018AX Gaming Laptop (AMD Ryzen 5 7535HS/ 8GB/ 512GB SSD/ Win11/ 4GB Graph)
526,Asus Vivobook Pro 15 M6500QF-HN541WS Creator Laptop (AMD Ryzen 5 5600H/ 16 GB RAM/ 512 GB SSD/ Win 11/ 4 GB Graphics)
534,Lenovo V15 82KB00RJIH Laptop (11th Gen Core i5/ 16GB/ 512GB SSD/ Win11 Home)
541,Dell Inspiron 5330 2023 Laptop (13th Gen Core i5/ 16GB/ 1TB SSD/ Win11)
548,Lenovo Yoga 6 82WV0058IN Laptop (13th Gen Core i5/ 16GB/ 512GB SSD/ Win11 Home)
556,MSI Thin GF63 11UCX-1496IN Gaming Laptop (11th Gen Core i5/ 16GB/ 512GB SSD/ Win11 Home/ 4GB Graph)
561,Lenovo Ideapad Slim 3 15ITL05 81X800N1IN Laptop (11th Gen Core i3/ 8GB/ 512GB SSD/ Win11)
811,Asus ROG Zephyrus G14 2023 GA402NU-N2023WS Gaming Laptop (AMD Ryzen 7 7735HS/ 16GB/ 1TB SSD/ Win11/ 6GB Graph)
641,Acer Nitro 5 AN515-58 UN.QFHSI.026 Gaming Laptop (12th Gen Core i5/ 16GB/ 512GB SSD/ Win11/ 4GB Graph)
577,Dell Inspiron 3520 IN3520KTMFJ001ORS1 Laptop (11th Gen Core i3/ 8GB/ 512GB SSD/ Win11)
634,Asus ROG Zephyrus G14 GA402NJ-L8094WS Gaming Laptop (AMD Ryzen 7 7735HS/ 16GB/ 512GB SSD/ Win11/ 6GB Graph)
587,Lenovo LOQ 15APH8 82XT004JIN 2023 Gaming Laptop (AMD Ryzen 7 7840HS/ 16GB/ 512GB SSD/ Win11/ 6GB Graph)
900,MSI Stealth 14 Studio A13VF-037IN Gaming Laptop (13th Gen Core i7/ 16GB/ 1TB SSD/ Win11 Home/ 8GB Graph)
595,Lenovo Yoga Book 9i 2023 82YQ001DIN Laptop (13th Gen Core i7/ 16GB/ 1TB SSD/ Win11)
600,Asus Vivobook 15 X1504ZA-NJ321WS Laptop (12th Gen Core i3/ 8GB/ 512GB SSD/ Win11)
607,Dell Alienware m16 2023 Gaming Laptop (AMD Ryzen 7 7745HX/ 16GB/ 1TB SSD/ Win 11/ 8GB Graph)
616,Lenovo IdeaPad Flex 5 82R900D9IN Laptop (AMD Ryzen 7 5700U/ 16GB/ 512GB SSD/ Win11 Home)
618,Lenovo IdeaPad Slim 3 82XQ008GIN Laptop (AMD Ryzen 5 7520U/ 8GB/ 512GB SSD/ Win11)
624,Lenovo IdeaPad Flex 5 82XX007KIN Laptop (AMD Ryzen 5 7530U/ 16GB/ 512GB SSD/ Win11 Home)
632,HP 15s-fq3073TU Laptop Intel Pentium Silver N6000/ 8GB/ 512GB SSD/ Win11 Home)
647,HP Omen 16-wd0990TX Gaming Laptop (13th Gen Core i5/ 16GB/ 512GB SSD/ Win11 Home/ 6GB Graph)
653,MSI Thin GF63 11SC-1477IN Gaming Laptop (11th Gen Core i5/ 8GB/ 512GB SSD/ Win11 Home/ 4GB Graph)
660,HP Envy x360 15-fe0028TU Laptop (13th Gen Core i5/ 16GB/ 512GB SSD/ Win11 Home)
669,Dell Vostro 15 3510 Laptop (11th Gen Core i3/ 8GB/ 1TB 256GB SSD/ Win11 Home)
675,Lenovo Thinkbook 15 21DJ00EXIH Laptop (12th Gen Core i5/ 8GB/ 512GB SSD/ Win11 Home)
842,MSI GF63 Thin 11SC-1298IN Gaming Laptop (11th Gen Core i7/ 16GB/ 1TB 256GB SSD/ Win11/ 4GB Graph)
688,Dell Inspiron 5430 2023 Laptop (13th Gen Core i7/ 16GB/ 512GB SSD/ Win11)
695,HP 14-em0026AU Laptop (AMD Ryzen 5 7520U/ 8GB/ 512GB SSD/ Win11 Home)
701,Lenovo Thinkpad E14 21E3S06300 Laptop (12th Gen Core i5/ 8GB/ 512GB SSD/ DOS)
709,MSI Bravo 15 C7UCXK-095IN Gaming Laptop (AMD Ryzen 5 7535HS/ 8 GB RAM/ 512 GB SSD/ Win 11/ 4 GB Graphics)
721,MSI Modern 14 C12M-670IN Laptop (12th Gen Core i7/ 8GB/ 512GB SSD/ Win11 Home) Price
727,LG UltraPC 16 16U70R-G.AH76A2 Laptop (AMD Ryzen7-7730U/ 16GB/ 512GB SSD/ Win11)
734,Dell Inspiron 3525 D560927WIN9S Laptop (AMD Ryzen 5-5500U/ 8GB/ 512GB SSD/ Win11)
743,Asus VivoBook 15 X515EA-EJ328WS Laptop (11th Gen Core i3/ 8GB/ 512GB SSD/ Win11)
751,Lenovo V14 G3 IAP Laptop (12th Gen Core i5/ 8GB/ 512GB SSD/ Win11)
757,HP 15s-ey1509AU Laptop (AMD Athlon Silver 3050U/ 8GB/ 512GB SSD/ Win11)
769,HP Victus 15-fb0137AX Gaming Laptop (Ryzen 7 5800H/ 16GB/ 512GB SSD/ Win11/ 4GB Graph)
773,HP Pavilion 15s-fq5190TU Laptop (12th Gen Core i7/ 16GB/ 512GB SSD/ Win11 Home)
783,HP 15s-fq3071TU Laptop (Intel Celeron N4500/ 8GB/ 512GB SSD/ Win11 Home)
794,Acer Aspire Vero AV14-52P NX.KJTSI.002 Laptop (13th Gen Core i3/ 16GB/ 512GB SSD/ Win11 Home)
846,Lenovo Ideapad Gaming 3 15ACH6 82K20145IN Laptop (Ryzen 7 5800H/ 16GB/ 512GB SSD/ Win11 Home/ 4GB Graph)
835,Asus Vivobook 14X 2023 K3405VF-LY541WS Laptop (13th Gen Core i5/ 16GB/ 512GB SSD/ Win11/4 GB Graphics)
410,MSI Bravo 15 B7ED-011IN Gaming Laptop (AMD Ryzen 7 7735HS/ 16GB/ 512GB SSD/ Win11 Home/ 4GB Graph)
838,Asus Vivobook Pro 15 OLED K6502VU-MA951WS Laptop (13th Gen Core i9/ 16GB/ 1TB SSD/ Win11 Home/ 6GB Graph)
960,Asus ROG Zephyrus M16 2023 GU604VZ-NM050WS Laptop (13th Gen Core i9/ 32GB/ 1TB SSD/ Win11 / 12GB Graph)
736,Asus Vivobook 14X 90NB11H2-M004D0 Laptop (12th Gen Core i5/ 16GB/ 512GB SSD/ Win11/4 GB Graphics)
862,Asus VivoBook 15 X515MA-BR024WS Laptop (Celeron N4020/ 8GB/ 512GB SSD/ Win11 Home)
873,Asus Zenbook 14 Flip OLED 2023 UP3404VA-KN742WS Laptop (13th Gen Core i7/ 16GB/ 512GB SSD/ Win11 Home)
880,Asus Vivobook 16 2023 X1605VAB-MB544WS Laptop (13th Gen Core i5/ 16GB/ 512GB SSD/ Win11 Home)
894,Acer Predator Helios 16 PH16-71 Laptop (13th Gen Core i7/ 32GB/ 1TB SSD/ Win11/ 8GB Graph)
899,MSI Raider GE68HX 13VG-026IN Gaming Laptop (13th Gen Core i7/ 32GB/ 2TB SSD/ Win11 Home/ 8GB Graph)
923,MSI Bravo 15 B5ED-035IN Gaming Laptop (AMD Ryzen 7 / 16GB/ 512GB SSD/ Win11 Home/ 4GB Graph)
931,Acer Predator Helios 16 NH.QJRSI.003 Laptop (13th Gen Core i9/ 16GB/ 1TB SSD/ Win11/ 8GB Graph)
948,Lenovo E41-55 82FJ00A0IH Laptop (AMD Ryzen 3 3250U/ 8GB/ 1TB HDD/ DOS)
42,Asus Vivobook 16X 2023 K3605ZF-MB541WS Laptop (12th Gen Core i5/ 16GB/ 512GB SSD/ Win11 Home/ 4GB Graph)
961,Asus Vivobook Go 14 2023 E1404FA-NK522WS Laptop (Ryzen 5 7520U / 8GB/ 512GB SSD/ Win11)
966,Acer Nitro 5 AN515-58 UN.QFHSI.002 Gaming Laptop (12th Gen Core i5/ 16GB/ 512GB SSD/ Win11/ 4GB Graph)
940,MSI Modern 15 B7M-072IN Laptop (Ryzen 5 7530U/ 8GB/ 512GB SSD/ Win11)
977,MSI Modern 15 B13M-289IN Laptop (13th Gen Core i5/ 16GB/ 512GB SSD/ Win11 Home)
985,Asus Zenbook 14 OLED 2023 UM3402YA-KM551WS Laptop (Ryzen 5 7530U / 16GB/ 1TB SSD/ Win11 Home)
171,Asus Zenbook Flip 14 OLED UP5401ZA-KU541WS Laptop (12th Gen Core i5/ 16GB/ 512GB SSD/ Win11 Home)
364,Lenovo IdeaPad Gaming 3 82SB00V5IN Laptop (AMD Ryzen 7 6800H/ 8GB/ 512GB SSD/ Win11 Home/ 4GB Graph)
505,Asus Vivobook 16X K3605ZC-MBN542WS Laptop (12th Gen Core i5/ 16 GB RAM/ 512 GB SSD/ Win 11/ 4 GB Graphics)
627,Asus Vivobook Pro 15 M6500QC-LK742WS Laptop (Ryzen 7 5800H/ 16GB/ 512GB SSD/ Win11/ 4GB Graph)
976,Acer Nitro 5 AN515-47 NH.QL3SI.001 Gaming Laptop (AMD Ryzen 5 7535HS/ 8GB/ 512GB SSD/ Win11/ 4GB Graph)
373,Zebronics Pro Series Z ZEB-NBC 4S 2023 Laptop (12th Gen Core i5 / 8GB/ 512GB SSD/ Win11 Home)
133,Asus Vivobook 16X 2022 M1603QA-MB511WS Laptop (Ryzen 5-5600H/ 16GB/ 512GB SSD/ Win11 Home)
955,HP Chromebook x360 13b-ca0006MU Laptop (MediaTek Kompanio 1200/ 8GB/ 256 GB SSD/ Chrome OS)
864,Asus Vivobook 15 2023 X1504VA-NJ321WS Laptop (13th Gen Core i3/ 8GB/ 512GB SSD/ Win11)
109,Acer Aspire Lite AL15 Laptop (AMD Ryzen 5 5500U/ 16GB/ 512GB SSD/ Win11)
845,Lenovo IdeaPad Gaming 3 15ACH6 82K2022XIN Laptop (AMD Ryzen 7-5800H/ 8GB/ 512GB SSD/ Win11 Home/ 4GB Graph)
872,Asus VivoBook 14 X1400EA-EK322WS Notebook (11th Gen Core i3/ 8GB/ 512GB SSD/ Win11 Home)
912,Asus Vivobook 15 2023 X1502VA-NJ541WS Laptop (13th Gen Core i5/ 16GB/ 512GB SSD/ Win11)
946,Lenovo Thinkpad E15 21E6S05G00 Laptop (12th Gen Core i5/ 8GB/ 512GB SSD/ DOS)
980,MSI Modern 14 C13M-436IN Laptop (13th Gen Core i5/ 16GB/ 512GB SSD/ Win11 Home)
546,Dell Inspiron 7430 2 in 1 Touch Laptop (13th Gen Core i5/ 16GB/ 1TB SSD/ Win11)
457,Lenovo IdeaPad Gaming 3 15IHU6 82K101PBIN Laptop (11th Gen Core i5/ 8GB/ 512GB SSD/ Win11 Home/ 4GB Graph)
855,Acer Predator Helios Neo 16 NH.QLTSI.002 Laptop (13th Gen Core i7/ 16GB/ 512GB SSD/ Win11/ 6GB Graph)
949,Asus Vivobook Go 15 OLED 2023 E1504FA-LK541WS Laptop (Ryzen 5 7520U / 16GB/ 512GB SSD/ Win11 Home)
195,Jio JioBook NB1112MM BLU 2023 Netbook Laptop (Octa Core/ 4GB/ 64GB eMMC/ JioOS)
167,Chuwi FreeBook Laptop (12th Gen Core i3/ 12GB/ 512GB SSD/ Win11)
202,HP 15s-ey2001AU Laptop (AMD Ryzen 7 5700U/ 16GB/ 512GB SSD/ Win11 Home)
250,MSI Modern 14 C7M-062IN Laptop (Ryzen 5 7530U/ 16GB/ 512GB SSD/ Win11)
596,HP 255 G8 Laptop (AMD Athlon 3050U/ 4GB/ 256GB SSD/ Win11)
683,HP 14-gr0000TU Laptop (13th Gen Core i3/ 8GB/ 512GB SSD/ Win11 Home)
776,Lenovo V14 G3 82TSA01KIH Laptop (12th Gen Core i3/ 8GB/ 512GB SSD/ Dos)
267,HP Pavilion 14-dv2014TU Laptop (12th Gen Core i5/ 16GB/ 512GB SSD/ Win 11)
640,LG Gram 14 2023 14Z90R-G.CH75A2 Laptop (13th Gen Core i7/ 16GB/ 512GB SSD/ Win11)
909,Asus Vivobook 15X OLED 2023 K3504VA-LK542WS Laptop (13th Gen Core i5/ 16GB/ 512GB SSD/ Win11 Home)
268,HP 255 G8 6X4B2PA Laptop (AMD Athlon 3050/ 4GB/ 256GB SSD/ DOS)
793,Dell G15-5530 GN553064GRM002ORB1 Gaming Laptop (13th Gen Core i5/ 8GB/ 512GB SSD/ Win11/ 6GB Graph)
11,HP 15s-fq5007TU Laptop (12th Gen Core i3/ 8GB/ 512GB SSD/ Win11 Home)
12,Infinix Zerobook 2023 Laptop (13th Gen Core i9/ 32GB/ 1TB SSD/ Win 11 Home)
13,Dell Inspiron 3520 D560896WIN9B Laptop (12th Gen Core i3/ 8GB/ 512GB SSD/ Win11)
14,Samsung Galaxy Book2 Pro 13 Laptop (12th Gen Core i5/ 16GB/ 512GB SSD/ Win11)
15,MSI Thin GF63 12UC-846IN Gaming Laptop (12th Gen Core i5/ 16GB/ 512GB SSD/ Win11 Home/ 4GB Graphics)
16,Asus Vivobook 16X 2022 M1603QA-MB711WS Laptop (Ryzen 7-5800H/ 16GB/ 512GB SSD/ Win11 Home)
23,HP 255 G9 840T7PA Laptop (AMD Athlon Silver-3050U/ 4GB/ 256GB SSD/ DOS)
868,Dell Vostro 3425 Laptop (AMD Ryzen 5-5500U/ 8GB/ 512GB SSD/ Win11 Home)
17,Lenovo IdeaPad Slim 3 82H803LKIN Laptop (11th Gen Core i5/ 16GB/ 512GB SSD/ Win11)
18,HP Omen 16-wf1025TX Gaming Laptop (14th Gen Core i7/ 16GB/ 1TB SSD/ Win11 Home/ 8GB Graph)
19,Lenovo V15 G3 IAP 82TTA08AIN Laptop (12th Gen Core i7/ 16GB/ 512GB SSD/Win11)
814,Lenovo IdeaPad 3 15IAU7 82RK00LWIN Laptop (12th Gen Core i5/ 8GB/ 512GB SSD/ Win11 Home)
816,Asus TUF Gaming F15 2023 FX507VV-LP071WS Gaming Laptop (13th Gen Core i9/ 16GB/1TB SSD/ Win11 Home/ 8GB Graph)
817,Asus Vivobook S15 2022 K3502ZA-KJ542WS Laptop (12th Gen Core i5/ 16GB/ 512GB SSD/ Win11)
818,Asus Vivobook 16X 2023 K3605ZC-MB541WS Laptop (12th Gen Core i5/ 16GB/ 512GB SSD/ Win11 Home/ 4GB Graph)
852,HP 15-fc0030AU Laptop (AMD Ryzen 5 7520U/ 16GB/ 512GB SSD/ Win11 Home)
857,HP 15-fd0011TU Laptop (13th Gen Core i5/ 8GB/ 512GB SSD/ Win11 Home)
859,HP 15-fd0012TU Laptop (13th Gen Core i5/ 8GB/ 1TB SSD/ Win11 Home)
819,HP Victus 15-fa0092TX Gaming Laptop (12th Gen Core i5/ 16GB/ 512GB SSD/ Win11/ 4GB Graph)
821,Asus Vivobook Pro 15 OLED K6502VU-MA541WS Laptop (13th Gen Core i5/ 16GB/ 512GB SSD/ Win11 Home/ 6GB Graph)
822,Dell Alienware x14 R2 2023 Gaming Laptop (13th Gen Core i7/ 32GB/ 1TB SSD/ Win 11/ 8GB Graph)
823,Dell Alienware m16 Gaming Laptop (13th Gen Core i7/ 16GB/ 1TB SSD/ Win 11/ 8GB Graph)
824,HP 15-hr0000TU Laptop (13th Gen Core i5/ 8GB/ 512GB SSD/ Win11 Home)
825,HP 15-hr0001TU Laptop (13th Gen Core i5/ 16GB/ 512GB SSD/ Win11 Home)
828,Acer Swift Go 14 SFG14-41 NX.KG3SI.003 Laptop (AMD Ryzen 5 7530U/ 16GB/ 512GB SSD/ Win11 Home)
829,HP 15s-eq1580AU Laptop (AMD Ryzen 3 3250U/ 8GB/ 512GB SSD/ Win11 Home)
830,HP 15-fd0021TU Laptop (13th Gen Core i5/ 8GB/ 512GB SSD/ Win11 Home)
832,MSI Thin GF63 12VE-267IN Gaming Laptop (12th Gen Core i5/ 16GB/ 1TB 256GB SSD/ Win11/6GB Graphics)
833,Asus Vivobook 16X 2023 K3605VC-MB951WS Laptop (13th Gen Core i9/ 16GB/ 1TB SSD/ Win11 Home/ 4GB Graph)
22,Wings Nuvobook V1 Laptop (11th Gen Core i5/ 8GB/ 512GB SSD/ Win11)
229,Asus ROG Strix G16 2023 G614JU-N3200WS Gaming Laptop (13th Gen Core i7/ 16GB/ 1TB SSD/ Win11/ 6GB Graph)
230,Asus Vivobook 15 X1502ZA-EJ532WS Laptop (12th Gen Core i5/ 8GB/ 512GB SSD/ Win11)
231,HP 15s-fr4001TU Laptop (11th Gen Core i5/16GB/ 512GB SSD/ Win11 Home)
232,MSI Katana 15 B12UDXK-1005IN Gaming Laptop (12th Gen Core i5/ 16GB/ 512GB SSD/ Win11 Home/ 6GB Graph)
233,HP 15s-fr5009TU Laptop (12th Gen Core i3/ 8GB/ 512GB SSD/ Win11 Home)
234,HP 15-fd0013TU Laptop (13th Gen Core i5/ 16GB/ 512GB SSD/ Win11 Home)
236,Asus TUF Gaming F17 FX706HF-HX018W Laptop (11th Gen Core i5/ 8GB/ 512GB SSD/ Win11/ 4GB Graph)
237,HP 15-eg3036TU Laptop (13th Gen Core i7/ 16GB/ 1TB SSD/ Win11 Home)
238,Acer Predator Helios Neo 16 PHN16-71 Gaming Laptop (13th Gen Core i7/ 16GB/ 1TB SSD/ Win11/ 6GB Graph)
239,MSI Cyborg 15 A12UCX-264IN Gaming Laptop (12th Gen Core i5/ 16GB/ 512GB SSD/ Win11/ 4GB Graph)
240,HP 15-fc0026AU Laptop (AMD Ryzen 3 7320U/ 8GB/ 512GB SSD/ Win11 Home)
242,Asus Vivobook S15 OLED 2023 S5504VA-MA543WS Laptop (13th Gen Core i5/ 16GB/ 512GB SSD/ Win11)
244,Asus Vivobook 15 2023 X1504VA-NJ324WS Laptop (13th Gen Core i3/ 8GB/ 512GB SSD/ Win11)
245,Honor MagicBook X14 2023 FRI-F56 Laptop (12th Gen Core i5/ 16GB/ 512GB SSD/ Win11 Home)
246,Lenovo E41-55 Laptop (Athlon Silver 3050U/ 8GB/ 256GB SSD/ Win11)
247,Lenovo V15 G3 82TTA00VIH Laptop (12th Gen Core i3/ 8GB/ 512GB SSD/Win11)
248,HP Victus 15-fb0108AX Gaming Laptop (AMD Ryzen 5 5600H/ 8GB/ 512GB SSD/ Win11/ 4GB Graph)
3,Tecno Megabook T1 Laptop (11th Gen Core i3/ 8GB/ 512GB SSD/ Win11 Home)
4,Tecno Megabook T1 Laptop (11th Gen Core i7/ 16GB/ 1TB SSD/ Win11 Home)
5,HP Victus 15-fb0157AX Gaming Laptop (AMD Ryzen 5 5600H/ 8GB/ 512GB SSD/ Win11/ 4GB Graph)
6,Acer Extensa EX214-53 Laptop (12th Gen Core i5/ 8GB/ 512GB SSD/ Win11 Home)
7,Lenovo V15 82KDA01BIH Laptop (AMD Ryzen 3 5300U/ 8GB/ 512GB SSD/ Win11 Home)
8,Apple MacBook Air 2020 MGND3HN Laptop (Apple M1/ 8GB/ 256GB SSD/ MacOS)
9,Infinix INBook Y2 Plus Laptop (11th Gen Core i5/ 16GB/ 512GB SSD/ Win 11 Home)
20,Asus TUF Gaming F15 FX506HE-HN385WS Gaming Laptop (11th Gen Core i7/ 16GB/ 1TB SSD/ Win11/ 4GB Graph)
391,Lenovo IdeaPad Gaming 3 15IHU6 82K101R3IN Laptop (11th Gen Core i5/ 8GB/ 512GB SSD/ Win11 Home/ 4GB Graph)
555,MSI Thin GF63 11UCX-1497IN Gaming Laptop (11th Gen Core i5/ 8GB/ 512GB SSD/ Win11 Home/ 4GB Graph)
620,Asus ROG Zephyrus G16 2023 GU603ZU-N3023WS Laptop (12th Gen Core i7/ 16GB/ 1TB SSD/ Win11 Home/ 6GB Graph)
70,Apple MacBook Air 15 2023 Laptop (Apple M2/ 8GB/ 256GB SSD/ MacOS)
712,MSI Bravo 15 C7UDXK-093IN Gaming Laptop (AMD Ryzen 5 7535HS/ 16 GB RAM/ 512 GB SSD/ Win 11/ 6 GB Graphics)
60,Asus TUF Gaming F17 FX707ZC4-HX067W Gaming Laptop (12th Gen Core i5/ 16GB/ 512GB SSD/ Win11/ 4GB Graph)
483,Lenovo IdeaPad Slim 3 82RK00VVIN Laptop (12th Gen Core i3/ 8GB/ 512GB SSD/ Win11)
492,Asus Vivobook 16 2023 X1605ZAB-MB322WS Laptop (12th Gen Core i3/ 8GB/ 512GB SSD/ Win11 Home)
499,Lenovo IdeaPad Slim 5 14IAH8 83BF000UIN Laptop (12th Gen Core i5/ 16GB/ 512GB SSD/ Win11)
311,Lenovo IdeaPad Slim 5 14IAH8 83BF0043IN Laptop (12th Gen Core i5/ 16GB/ 1TB SSD/ Win11)
325,Apple MacBook Pro 14 2023 Laptop (Apple M3/ 8GB/ 1TB SSD/ macOS)
331,Lenovo LOQ 15APH8 82XT004KIN Gaming Laptop (AMD Ryzen 7 7840HS/ 16GB/ 512GB SSD/ Win11/ 8GB Graph)
349,HP Omen 16-XD0007ax Gaming Laptop (AMD Ryzen 7 7840HS/ 16GB/ 1TB SSD/ Win11/ 6GB Graph)
21,HP Victus 15-fb1017AX Gaming Laptop (AMD Ryzen 5 7535HS/ 16GB/ 512GB SSD/ Win11/ 4GB Graph)
35,Lenovo IdeaPad Gaming 3 15IHU6 82K101GSIN Laptop (11th Gen Core i5/ 8GB/ 512GB SSD/ Win11 Home/ 4GB Graph)
356,Lenovo Thinkpad L14 Gen 2 20X1S10V00 Laptop (11th Gen Core i3/ 8GB/ 512GB SSD/ DOS)
385,HP Omen 16-u0022TX Gaming Laptop (13th Gen Core i7/ 16GB/ 512GB SSD/ Win11 Home/ 6GB Graph)
400,Lenovo Yoga Slim 6 14IRH8 83E00007IN Laptop (13th Gen Core i7/ 16GB/ 512GB SSD/ Win11 Home)
408,Lenovo IdeaPad Flex 5 14IRU8 82Y0004TIN Laptop (13th Gen Core i7/ 16GB/ 512GB SSD/ Win11 Home)
417,Acer Chromebook CB314-3H NX.K04SI.007 Laptop (Intel Celeron N4500/ 8GB/ 128GB SSD/ Chrome OS)
437,Asus ROG Strix G16 2023 G614JJ-N3088WS Gaming Laptop (13th Gen Core i5/ 16GB/ 1TB SSD/ Win11/ 6GB Graph)
445,Lenovo IdeaPad Slim 3 82H803HPIN Laptop (11th Gen Core i5/ 16GB/ 512GB SSD/ Win11 Home)
452,Lenovo Legion Slim 7 16IRH8 82Y3007QIN Gaming Laptop (13th Gen Core i9/ 16GB/ 1TB SSD/ Win11 Home/ 8GB Graph)
477,Asus Vivobook Pro 15 M6500QC-HN551WS Laptop (AMD Ryzen 5 5600HS/ 16 GB RAM/ 1 TB SSD/ Win 11/ 4 GB Graphics)
516,HP Omen 16-xf0043AX Gaming Laptop (AMD Ryzen 9 7940HS/ 32GB/ 1TB SSD/ Win11/ 8GB Graph)
529,Acer Aspire 3 Spin 14 NX.KENSI.002 Laptop (Intel Core i3 N305/ 8GB/ 512GB SSD/ Win11 Home)
538,Lenovo IdeaPad Slim 5i 82XD0040IN Laptop (13th Gen Core i7/ 16GB/ 512GB SSD/ Win11)
563,HP Omen 16-wf0052TX Gaming Laptop (13th Gen Core i5/ 16GB/ 512GB SSD/ Win11 Home/ 6GB Graph)
574,Asus Vivobook Pro 15 M6500QFB-LK742WS Laptop (Ryzen 7 5800H/ 16GB/ 512GB SSD/ Win11/ 4GB Graph)
582,Lenovo LOQ 15IRH8 82XV00F6IN 2023 Gaming Laptop (12th Gen Core i5/ 16GB/ 512GB SSD/ Win11/ 6GB Graph)
592,HP Omen 16-wf0055TX Gaming Laptop (13th Gen Core i7/ 16GB/ 512GB SSD/ Win11 Home/ 8GB Graph)
601,Dell Inspiron 5518 D560667WIN9S Laptop (11th Gen Core i5/ 16GB/ 512GB SSD/ Win11 Home/ 2GB Graph)
29,HP Victus 16-s0094AX Gaming Laptop (AMD Ryzen 7 7840HS/ 16GB/ 1TB SSD/ Win11/ 6GB Graph)
645,Dell Inspiron 14 5430 2023 Laptop (13th Gen Core i5/ 8GB/ 1TB SSD/ Win11)
652,Lenovo IdeaPad 1 14IGL7 82V6005EIN Laptop (Celeron Dual Core/ 8GB/ 256GB SSD/ Win11 Home)
659,Lenovo IdeaPad Slim 3 2023 82X70033IN Laptop (13th Gen Core i3/ 8GB/ 512GB SSD/ Win11)
672,Lenovo IdeaPad Gaming 3 82K2025LIN Laptop (AMD Ryzen 5 5600H/ 16GB/ 512GB SSD/ Win11 Home/ 4GB Graph)
692,Lenovo IdeaPad 3 15ITL05 81X800N2IN Laptop (11th Gen Core i3/ 8GB/ 512GB SSD/ Win11)
705,Lenovo IdeaPad Slim 3 82XQ008EIN Laptop (AMD Ryzen 3 7320U/ 8GB/ 512GB SSD/ Win11 Home)
725,Lenovo Thinkpad E14 G4 21E3006UIG Laptop (12th Gen Core i5/ 8GB/ 512GB SSD/ DOS)
735,Lenovo ThinkBook 15 G3 ACL 21A4A08UIH Laptop (AMD Ryzen 5 5500U/ 8 GB/ 512 GB SSD/ DOS)
758,Dell G16-7630 2023 Gaming Laptop (13th Gen Core i7/ 16GB/ 1TB SSD/ Win11/ 8GB Graph)
768,Asus Vivobook Go 15 E510MA-EJ011WS Laptop (Intel Celeron N4020/ 8GB/ 256GB SSD/ Win11 Home)
780,MSI Katana 15 B12UDXK-1017IN Gaming Laptop (12th Gen Core i7/ 8GB/ 512GB SSD/ Win11 Home/ 6GB Graph)
789,DELL Inspiron 3530 Laptop (13th Gen Core i3/ 8GB/ 256GB SSD/ Win11 Home)
802,Asus TUF Gaming F15 2023 FX507VU-LP083WS Gaming Laptop (13th Gen Core i7/ 16GB/ 512GB SSD/ Win11 Home/ 6GB Graph)
808,Asus ROG Strix G16 2023 G614JU-N3221WS Gaming Laptop (13th Gen Core i5/ 16GB/ 1TB SSD/ Win11/ 6GB Graph)
850,Dell Alienware M18 R1 Gaming Laptop (13th Gen Core i9/ 32GB/ 1TB SSD/ Win 11/ 12GB Graph)
860,Realme Book Prime CloudPro002 Laptop (11th Gen Core i5/ 8GB/ 512GB SSD/ Win11)
883,Asus Vivobook Flip 14 2023 TP3402VAB-LZ542WS Laptop (13th Gen Core i5/ 16GB/ 512GB SSD/ Win11 Home)
892,MSI GF63 Thin 11UC-1295IN Gaming Laptop (11th Gen Core i5/ 16GB/ 1TB 256GB SSD/ Win11 Home/ 4GB Graph)
901,MSI GF63 Thin 11UC-1297IN Gaming Laptop (11th Gen Core i5/ 8GB/ 1TB 256GB SSD/ Win11 Home/ 4GB Graph)
915,Dell Inspiron 3525 D560771WIN9S Laptop (AMD Ryzen 5 5625U/ 8GB/ 512GB SSD/ Win11)
917,Asus Vivobook Go 15 2023 E1504GA-NJ322WS Laptop (Intel Core i3-N305/ 8GB/ 512GB SSD/ Win11 Home)
925,HP Spectre x360 2023 13.5-ef2033TU Laptop (13th Gen Core i7/ 16GB/ 1TB SSD/ Win11 Home)
47,HP Victus 15-fa0555TX  Laptop (12th Gen Core i5/ 16GB/ 512GB SSD/ Win11 Home/ 4GB Graph)
53,Infinix INBook Y1 Plus 15 XL28 Laptop (10th Gen Core i5/ 8GB/ 512GB SSD/ Win 11 Home)
896,MSI Stealth 16 Studio A13VF-023IN Gaming Laptop (13th Gen Core i7/ 32GB/ 1TB SSD/ Win11 Home/ 8GB Graph)
169,HP 255 G9 841W6PA Laptop (AMD Ryzen 3 3250U/ 8 GB RAM/ 512 GB SSD/ FreeDOS)
69,HP Victus 15-fa0666TX Gaming Laptop (12th Gen Core i5/ 16GB/ 512GB SSD/ Win11/ 4GB Graph)
71,Infinix INBook Y1 Plus Neo XL30 Laptop (Intel Celeron N5100/ 8GB/ 512GB SSD/ Win 11 Home)
155,Lenovo Legion Slim 5 82Y9009JIN Gaming Laptop (AMD Ryzen 7 7840HS/ 16GB/ 1TB SSD/ Win11/ 8GB Graph)
273,HP Victus 15-fb0050AX Gaming Laptop (AMD Ryzen 5 5600H/ 8GB/ 512GB SSD/ Win11/ 4GB Graph)
96,Asus Vivobook 16 2023 X1605VA-MB947WS Laptop (13th Gen Core i9/ 16GB/ 512GB SSD/ Win11 Home)
118,HP Pavilion 15-eh2050AU Laptop (AMD Ryzen 5 5625U/ 8GB/ 512GB SSD/ Win11 Home)
125,Lenovo Thinkbook 15 21DJA049IH Laptop (12th Gen Core i5/ 8GB/ 512GB SSD/ Win11 Home)
141,Lenovo IdeaPad Slim 3 82H803HQIN Laptop (11th Gen Core i5/ 8GB/ 512GB SSD/ Win11)
162,Zebronics Pro Series Y ZEB-NBC 1S Laptop (11th Gen Core i3 / 8GB/ 512GB SSD/ Win11 Home)
168,Acer Swift Go NXKPZSI002 Laptop (13th Gen Core i5/ 16GB/ 512GB SSD/ Win11 Home)
43,Asus ROG Flow X13 GV301RC-LJ132WS Gaming Laptop (AMD Ryzen 9 6900HS/ 16GB/ 512GB SSD/ Win11 Home/ 4GB Graph)
177,HP Victus 15-fa0187TX Gaming Laptop (12th Gen Core i7/ 16GB/ 1TB SSD/ Win11/ 4GB Graph)
186,MSI Thin GF63 11UC-1490IN Gaming Laptop (11th Gen Core i5/ 16GB/ 1TB 256GB SSD/ Win11 Home/ 4GB Graph)
201,MSI Modern 14 C11M-029IN Laptop (11th Gen Core i5/ 16GB/ 512GB SSD/ Win11 Home)
214,Asus Vivobook Pro 15 M6500QF-HN521WS Laptop (Ryzen 5 5600HS/ 8GB/ 512GB SSD/ Win11/ 4GB Graph)
218,Acer Aspire 3 A315-59 NX.K6TSI.00C Laptop (12th Gen Core i3/ 8GB/ 512GB SSD/ Win11)
228,Asus ROG Strix G16 2023 G614JI-N4151WS Gaming Laptop (13th Gen Core i9/ 16GB/ 1TB SSD/ Win11/ 8GB Graph)
235,Asus Vivobook 16X 2023 K3605VC-MB542WS Laptop (13th Gen Core i5/ 16GB/ 512GB SSD/ Win11 Home/ 4GB Graph)
251,Acer Extensa 15 EX215-33 Laptop (Intel Core i3 N305/ 8GB/ 256GB SSD/ Win11 Home)
256,Asus Vivobook Go 15 2023 E1504FA-NJ543WS Laptop (Ryzen 5 7520U / 16GB/ 512GB SSD/ Win11 Home)
281,Lenovo IdeaPad D330 82H0001YIN Laptop (Celeron N4020/ 4GB/ 128GB eMMC/ Win10)
290,Dell Inspiron 5370 Laptop (8th Gen Core i7/ 8GB/ 256GB SSD/ Win10/ 4GB Graph)
305,MSI Thin GF63 11UC-1494IN Gaming Laptop (11th Gen Core i7/ 16GB/ 1TB 256GB SSD/ Win11 Home/ 4GB Graph)
321,Acer TravelMate P2 TMP214-53 14 Business Laptop (11th Gen Core i7/ 16GB/ 512GB SSD/ Win11 Home)
322,Acer Aspire Lite AL15-52 Laptop (12th Gen Core i5/ 16GB/ 512GB SSD/ Win11)
326,Apple MacBook Pro 14 2023 Laptop (Apple M3 Pro/ 18GB/ 1TB SSD/ macOS)
337,HP Omen 16-xd0005AX Gaming Laptop (AMD Ryzen 7 7840HS/ 16GB/ 1TB SSD/ Win11/ 6GB Graph)
219,Dell Inspiron 3520 D560872WIN9S Laptop (12th Gen Core i5/ 16GB/ 512GB SSD/ Win11)
351,MSI Vector GP68 HX 13VG-214IN Gaming Laptop (13th Gen Core i7/ 16GB/ 1TB SSD/ Win11/ 8GB Graph)
358,HP Omen 16-k0789TX Gaming Laptop (12th Gen Core i5/ 16GB/ 512GB SSD/ Win11/ 4GB Graph)
274,HP Pavilion 15s-fq5112TU Laptop (12th Gen Core i5/ 16GB/ 512GB SSD/ Win11)
366,Asus Vivobook Go 14 E410KA-EK013W Laptop (Celeron N4500/ 8GB/ 256GB SSD/ Win11 Home)
847,Acer One 14 Z8-415 Laptop (11th Gen Core i5 / 8GB/ 512GB SSD/ Win11 Home)
134,Acer TravelMate TMP214-53 Business Laptop (11th Gen Core i5/ 16GB/ 512GB SSD/ Win11 Home)
88,Lenovo V15 G4 Laptop (AMD Athlon Silver 7120U/ 8GB/ 512GB SSD/ Win11 Home)
123,HP 15-fc0025AU Laptop (AMD Ryzen 3 7320U/ 8GB/ 512GB SSD/ Win11 Home)
407,MSI CreatorPro Z16 HX B13VKTO-214IN Laptop (13th Gen Core i9/ 64GB/ 2TB SSD/ Win11/ RTX 3000 Ada)
416,Asus Vivobook 16 2023 X1605VA-MB957WS Laptop (13th Gen Core i9/ 16GB/ 1TB SSD/ Win11 Home)
420,Asus Vivobook S14 Flip TN3402QA-LZ551WS Laptop (AMD Ryzen 5 5600H/ 16GB/ 1TB SSD/Win11)
436,MSI Creator Pro M16 B13VJ-1272IN Gaming Laptop (13th Gen Core i7/ 32GB/ 1TB SSD/ Win 11/ 8GB Graph)
443,HP ZBook Firefly 16 G9 6V2X7PA Workstation PC Laptop (12th Gen Core i7/ 16GB/ 1TB SSD/ Win11)
449,Lenovo IdeaPad Flex 5 82R900D4IN Laptop (AMD Ryzen 7 5700U/ 16GB/ 512GB SSD/ Win11 Home)
468,Asus Vivobook 15X OLED M3504YA-LK752WS Laptop (AMD Ryzen 7 7730U/ 16GB/ 1TB SSD/ Win11 Home)
472,HP 15s-fq3066TU Laptop (Intel Celeron N4500/ 8GB/ 512GB SSD/ Win11 Home)
512,Acer TMP214-41-G3 UN.VSQSI.006 Notebook (AMD Ryzen 5 5500U/ 8GB/ 512GB SSD/ Win11 Home)
517,Dell Vostro 3520 Laptop (11th Gen Core i3/ 8GB/ 512GB SSD/ Win11)
518,Dell Inspiron 5430 IN54308DXWP001ORS1 Laptop (13th Gen Core i7/ 16GB/ 1TB SSD/ Win11)
537,Lenovo IdeaPad Slim 5 16IRL8 82XF003JIN Laptop (13th Gen Core i7/ 16GB/ 512GB SSD/ Win11)
544,Dell Vostro 3430 Laptop (13th Gen Core i3/ 8GB/ 512GB SSD/ Win11)
552,MSI Katana 17 B12VGK-672IN Gaming Laptop (12th Gen Core i7/ 16GB/ 1TB SSD/ Win11 Home/ 8GB Graph)
558,MSI Pulse 17 B13VGK-652IN Gaming Laptop (13th Gen Core i9/ 16GB/ 1TB SSD/ Win11 Home/ 8GB Graph)
567,Lenovo IdeaPad Slim 5 82XE004RIN Laptop (AMD Ryzen 5 7530U/ 16GB/ 512GB SSD/ Win11)
580,Lenovo LOQ 15IRH8 82XV00F7IN 2023 Gaming Laptop (12th Gen Core i5/ 16GB/ 512GB SSD/ Win11/ 8GB Graph)
586,MSI Vector GP68HX 13VH-072IN Gaming Laptop (13th Gen Core i9/ 32GB/ 1TB SSD/ Win11/ 12GB Graph)
136,Apple MacBook Pro 2022 Laptop (Apple M2/ 8GB/ 256GB SSD/ macOS)
602,MSI Prestige 14 Evo B12M-472IN Laptop (12th Gen Core i5/ 16GB/ 512GB SSD/ Win11 Home)
271,Lenovo Legion 5 82JU00SYIN Laptop (AMD Ryzen 7 5800H/ 16GB/ 1TB SSD/ Win11 Home/ 6GB Graph)
614,Asus Vivobook 16X 2023 K3605ZF-MBN543WS Laptop (12th Gen Core i5/ 16GB/ 512GB SSD/ Win11 Home/ 4GB Graph)
476,Asus Vivobook Pro 15 M6500QC-HN751WS Laptop (AMD Ryzen 7 5800HS/ 16 GB RAM/ 1 TB SSD/ Win 11/ 4 GB Graphics)
484,Dell Inspiron 3530 IN3530RW8JY001ORS1 Laptop (13th Gen Core i5/ 8GB/ 1TB SSD/ Win11 Home)
490,Asus Chromebook CX1400FKA-EC0158 Laptop (Celeron N4500/ 4GB/ 64GB eMMC/ Chrome OS)
656,Lenovo IdeaPad Gaming 3 82K101LHIN Laptop (11th Gen Core i5/ 16GB/ 512GB SSD/ Win11 Home/ 4GB Graph)
662,HP Envy x360 15-fh0016AU Laptop (AMD Ryzen 5 7530U/ 16GB/ 512GB SSD/ Win11 Home)
668,Asus Vivobook 15 X1502ZA-EJ523WS Laptop (12th Gen Core i5/ 8GB/ 512GB SSD/ Win11)
676,HP Pavilion Plus 14-eh1022TU Laptop (13th Gen Core i5/ 16GB/ 512GB SSD/ Win 11)
700,Lenovo ThinkPad E14 Gen 4 21E3S06D00 Laptop (12th Gen Core i3/ 8GB/ 512GB SSD/ Win11)
707,Acer Aspire 5 A515-58M 2023 Gaming Laptop (13th Gen Core i3/ 8GB/ 512GB SSD/ Win11 Home)
713,MSI Bravo 15 C7VEK-088IN Gaming Laptop (AMD Ryzen 7 7735HS/ 16GB/ 1TB SSD/ Win11 Home/ 6GB Graph)
715,MSI Thin GF63 11UCX-1471IN Gaming Laptop (11th Gen Core i5/ 8GB/ 512GB SSD/ Win11 Home/ 4GB Graph)
733,AXL Vayu Book LAP01 Laptop (Celeron N4020/ 4GB/ 128GB SSD / Win11 Home)
746,Lenovo Thinkpad E14 20TA00J2IG Laptop (11th Gen Core i5/ 16GB/ 512GB SSD/ Win11 Pro)
761,Dell Inspiron 7430 IC7430VVR8C001ORS1 Laptop (13th Gen Core i5/ 16GB/ 512GB SSD/ Win11)
763,Dell Inspiron 15 3530 Laptop (13th Gen Core i3/ 8GB/ 512GB SSD/ Win11 Home)
785,Asus Zenbook 14X OLED 2023 UM5401QA-KM751WS Laptop (Ryzen 7 5800HS / 16GB/ 1TB SSD/ Win11 Home)
792,Dell G15-5530 2023 Gaming Laptop (13th Gen Core i7/ 16GB/ 512GB SSD/ Win11/ RTX 4050 6GB Graph)
797,Acer Aspire 5 A515-58M NX.KHFSI.001 Gaming Laptop (13th Gen Core i5/ 8GB/ 512GB SSD/ Win11 Home)
179,MSI Modern 14 C12M-459IN Laptop (12th Gen Core i7/ 16GB/ 512GB SSD/ Win11 Home)
810,Asus ROG Zephyrus G14 2023 GA402XZ-N2020WS Gaming Laptop (AMD Ryzen 9 7940HS/ 32GB/ 1TB SSD/ Win11/ 12GB Graph)
815,Asus ROG Flow Z13 2023 GZ301VV-MU014WS Gaming Laptop (13th Gen Core i9/ 16GB/ 1TB SSD/ Win11 Home/ 8GB Graph)
820,Acer Predator Helios 16 PH16-71 Gaming Laptop (13th Gen Core i7/ 16GB/ 512GB SSD/ Win11/ 8GB Graph)
848,Dell Alienware X16 R1 Gaming Laptop (13th Gen Core i9/ 32GB/ 1TB SSD/ Win 11/ 12GB Graph)
851,Acer One 11 Z8-284 UN.013SI.014 Laptop ( Intel Celeron N4500/ 8GB/ 256GB SSD/ Win11 Home)
867,Asus Vivobook Go 15 OLED 2023 E1504FA-LK545WS Laptop (Ryzen 5 7520U / 16GB/ 512GB SSD/ Win11 Home)
874,Asus Zenbook 14 OLED 2023 UX3402VA-KN741WS Laptop (13th Gen Core i7/ 16GB/ 512GB SSD/ Win11 Home)
323,Acer Aspire Lite AL15-52 2023 Laptop (12th Gen Core i5/ 8GB/ 512GB SSD/ Win11)
881,MSI Summit E13 Flip Evo A11MT-214IN Laptop (11th Gen Core i5/ 16GB/ 512GB SSD/ Win10)
849,HP 15s-fy5003TU Laptop (12th Gen Core i3/ 8GB/ 512GB SSD/ Win11 Home)
903,Asus Vivobook 16 2023 X1605VA-MB541WS Laptop (13th Gen Core i5/ 16GB/ 512GB SSD/ Win11 Home)
907,Asus VivoBook 14 2023 X1404VA-NK522WS Laptop (13th Gen Core i5/ 8GB/ 512GB SSD/ Win11 Home)
927,Honor MagicBook 15 BMH-WFQ9HN Laptop (AMD Ryzen 5 5500U/ 16GB/ 512GB SSD/ Win11)
943,Lenovo IdeaPad 3 15ITL6 82H803DNIN Laptop (11th Gen Core i3/ 8GB/ 512GB SSD/ Win11 Home)
950,HP Pavilion 15s-fq5013nia Laptop (12th Gen Core i5/ 8GB/ 512GB SSD/ Win11 Home)
953,Lenovo ThinkBook 14 20VDA0V1IH Laptop (11th Gen Core i3/ 8GB/ 512GB SSD/ DOS)
303,Lenovo V14 82KAA0AMIH Laptop (11th Gen Core i5/ 8GB/ 512GB SSD/ DOS)
969,MSI Prestige 13 Evo A13M-063IN Laptop(13th Gen Core i7/ 16 GB/ 1TB SSD/Win11 Home)
975,MSI Prestige 14 Evo B13M-279IN Laptop(13th Gen Core i7/ 16 GB/ 1TB SSD/Win11 Home)
981,MSI Modern 14 C13M-437IN Laptop (13th Gen Core i5/ 8GB/ 512GB SSD/ Win11 Home)
225,Acer Aspire 5 14 A514-56GM 2023 Gaming Laptop (13th Gen Core i5/ 16GB/ 512GB SSD/ Win11 Home/ 4GB Graph)
270,Asus VivoBook 14 2022 X1402ZA-MW511WS Laptop (12th Gen Core i5/ 16GB/ 512GB SSD/ Win11 Home)
319,Lenovo ThinkPad X1 Carbon 21HMS00000 Laptop (13th Gen Core i7/ 16GB/ 1TB SSD/ Win11 Pro)
365,Lenovo Yoga 7 82YL0095IN Laptop (13th Gen Core i5/ 16GB/ 1TB SSD/ Win11 Home)
24,Lenovo V15 G4 82YU00W7IN Laptop (AMD Ryzen 3 7320U/ 8GB/ 512GB SSD/ Win11 Home)
27,Asus VivoBook 15 X1500EA-EJ311W Laptop (11th Gen Core i3/ 8GB/ 256GB SSD/ Win11)
30,Ultimus Elite NU14U3INF56BN-CS Laptop (10th Gen Core i5 / 8GB/ 512GB SSD/ Win11 Home)
32,MSI GF63 Thin 11UC-1294IN Gaming Laptop (11th Gen Core i7/ 16GB/ 1TB 256GB SSD/ Win11/ 4GB Graph)
34,Samsung Galaxy Book2 NP550XED-KA2IN Laptop (12th Gen Core i5/ 16GB/ 512GB SSD/ Win11)
36,Asus Vivobook 16X 2022 M1603QA-MB502WS Laptop (Ryzen 5-5600H/ 8GB/ 512GB SSD/ Win11 Home)
37,Apple MacBook Air 2022 Laptop (Apple M2/ 8GB/ 256GB SSD/ MacOS)
38,Dell G15-5520 Laptop (12th Gen Core i5/ 16GB/ 512GB SSD/ Win11 Home/ 4GB Graph)
45,HP Victus 15-fb0150AX Gaming Laptop (AMD Ryzen 5 5600H/ 16GB/ 512GB SSD/ Win11/ 4GB Graph)
46,HP Omen 16-xf0060AX Gaming Laptop (AMD Ryzen 7 7840HS/ 16GB/ 1TB SSD/ Win11/ 8GB Graph)
51,MSI Thin GF63 12VE-071IN Gaming Laptop (12th Gen Core i5/ 16GB/ 512GB SSD/ Win11 Home/6GB Graphics)
40,Acer Aspire Lite 15 AL15-52 Laptop (12th Gen Core i3/ 16GB/ 512GB SSD/ Win11)
372,HP Omen 17-ck2011TX Gaming Laptop (13th Gen Core i9/ 32GB/ 1TB SSD/ Win11/ 16GB Graph)
52,Dell Vostro 3425 Laptop (AMD Ryzen 5 5625U/ 8GB/ 512GB SSD/ Win11 Home)
54,Acer Aspire Lite AL15-52 Laptop (12th Gen Core i3/ 8GB/ 512GB SSD/ Win11)
57,HP 15s-eq2132AU Laptop (AMD Ryzen 5 5500U/ 16GB/ 512GB SSD/ Win11 Home)
58,Infinix INBook X3 Slim XL422 2023 Laptop (12th Gen Core i3/ 8GB/ 512GB SSD/ Win 11 Home)
59,HP Omen 16-u0005TX Gaming Laptop (13th Gen Core i7/ 16GB/ 1TB SSD/ Win11 Home/ 8GB Graph)
62,Asus Vivobook 15 X1502ZA-EJ741WS Laptop (12th Gen Core i7/ 16GB/ 512GB SSD/ Win11)
64,Dell Inspiron 5630 Laptop (13th Gen Core i5/ 16GB/ 512GB SSD/ Win11)
68,HP Victus 15-fa0998TX Gaming Laptop (12th Gen Core i5/ 16GB/ 512GB SSD/ Win11/ 4GB Graph)
72,HP Pavilion x360 14-ek1010TU Laptop (13th Gen Core i5/ 16GB/ 1TB SSD/ Win11)
73,Primebook 4G Android Laptop (MediaTek Kompanio 500/ 4GB/ 64GB eMMC/ Android 11)
74,Dell Inspiron 3520 Laptop (12th Gen Core i5/ 8GB/ 512GB SSD/ Win11)
77,HP Victus 16-e0352AX Gaming Laptop (Ryzen 5-5600H/ 8GB/ 512GB SSD/ Win11/ 4GB Graph)
79,Asus Vivobook S15 OLED K3502ZA-L501WS Laptop (12th Gen Core i5/ 16GB/ 512GB SSD/ Win11)
80,iBall Excelance CompBook Laptop (AQC/ 2GB/ 32GB/Win10)
81,Ultimus Lite NU14U3INC54BN Laptop (Celeron N4020/ 8GB/ 256GB SSD/ Win11 Home)
84,HP Pavilion 15-EG2119TU Laptop (12th Gen Core i5/12GB RAM/ 512GB SSD/ Win11)
86,Lenovo ThinkBook 15 G5 21JF002JIN Laptop (AMD Ryzen 3 7330U/ 8 GB/ 512 GB SSD/ Win11)
89,HP Victus 15-fb1002AX Gaming Laptop (AMD Ryzen 5 7535HS/ 8GB/ 512GB SSD/ Win11/ 4GB Graph)
91,Ultimus Pro NU14U3INC43BN-CS Laptop (Celeron N4020/ 4GB/ 128GB SSD/ Win11 Home)
92,Lenovo ThinkBook 15 G5 21JFA00BIN Laptop (AMD Ryzen 7 7730U/ 8 GB/ 512 GB SSD/ Win11)
95,Asus Vivobook 15 X1502ZA-EJ544WS Laptop (12th Gen Core i5/ 16GB/ 512GB SSD/ Win11)
98,Lenovo IdeaPad Slim 3 82RK00VWIN Laptop (12th Gen Core i3/ 8GB/ 512GB SSD/ Win11)
101,Asus Vivobook Pro 15 M6500RC-HN741WS Laptop (AMD Ryzen 7 6800H/ 16GB/ 512GB SSD/ Win11/ 4GB Graph)
102,HP Victus 15-fb1016AX  Gaming Laptop (AMD Ryzen 5 7535HS/ 8GB/ 512GB SSD/ Win11/ 4GB Graph)
103,Lenovo Yoga 7 82YM0074IN Laptop (AMD Ryzen 7 7735U/ 16GB/ 1TB SSD/ Win11 Home)
104,HP 15S-FQ5202TU Laptop (12th Gen Core i5/ 8 GB RAM/ 512 GB SSD/ Win 11)
108,MSI Modern 15 B11M-061IN Laptop (11th Gen Core i5/ 16GB/ 512GB SSD/ Win11 Home)
56,HP Victus 15-FB1001AX Gaming Laptop (AMD Ryzen 5 7535HS/ 8GB/ 512GB SSD/ Win11/ 4GB Graph)
110,Asus Vivobook 14X K3405ZFB-KM752WS Laptop (12th Gen Core i7 /16GB/ 1TB SSD/Win11/ 4GB Graphic)
421,Asus Vivobook S14 Flip TN3402QA-LZ751WS Laptop (AMD Ryzen 7/ 16GB/ 1TB SSD/Win11)
111,Acer Aspire Lite 2023 AL15-51 Laptop (11th Gen Core i5/ 8GB/ 512GB SSD/ Win11)
116,Acer Aspire 7 A715-76G NH.QMESI.002 Gaming Laptop (12th Gen Core i5/ 8GB/ 512GB SSD/ Win11 Home/ 4GB Graph)
117,Asus Zenbook 14X OLED 2023 M5401QA-KM541WS Laptop (Ryzen 5 5600H / 16GB/ 512GB SSD/ Win11 Home)
120,Acer Predator Helios Neo 16 PHN16-71 Laptop (13th Gen Core i7/ 16GB/ 512GB SSD/ Win11/ 6GB Graph)
122,HP 250 G8 7M6L7PA Laptop (11th Gen Core i3/ 8GB/ 1TB 256GB SSD/ Win11)
124,HP 15-fc0028AU Laptop (AMD Ryzen 5 7520U/ 8GB/ 512GB SSD/ Win11 Home)
127,Lenovo IdeaPad Slim 3 82KU0238IN Laptop (AMD Ryzen 5 5500U/ 16GB/ 512GB SSD/ Win11 Home)
128,HP 15s-fq2717TU Laptop (11th Gen Core i3/ 8GB/ 512GB SSD/ Win11 Home)
129,Dell G15-5520 Gaming Laptop (12th Gen Core i5/ 8GB/ 512GB SSD/ Win11/ 4GB Graph)
137,Asus Vivobook S15 OLED K3502ZA-L701WS Laptop (12th Gen Core i7/ 16GB/ 512GB SSD/ Win11)
138,HP 15s-eq2144au Laptop (Ryzen 5 5500U/ 8GB/ 512GB SSD/ Win11 Home)
139,HP Spectre x360 16-aa0665TU Laptop (Intel Core Ultra 7/ 32GB/ 2TB SSD/ Win11 Home)
142,Dell 5530 G15 Gaming Laptop (13th Gen Core i9/ 16GB/ 1TB SSD/ Win11/ 8GB Graph)
143,HP Spectre x360 14-eu0666TU Laptop (Intel Core Ultra 7/ 32GB/ 1TB SSD/ Win11 Home)
144,Apple MacBook Pro 16 2023 Laptop (Apple M3 Pro/ 36GB/ 512GB SSD/ macOS)
147,Apple MacBook Pro 14 2023 Laptop (Apple M3 Pro/ 18GB/ 512GB SSD/ macOS)
149,Dell Inspiron 3520 IN3520P9K46002ORS1 Laptop (12th Gen Core i3/ 8GB/ 512GB SSD/ Win11)
150,HP Victus 15-FA1098TX Laptop (12th Gen Core i5/ 8GB/ 512GB SSD/ Win11 Home/ 4GB Graph)
151,HP 15s-er2004AU Laptop (AMD Ryzen 7 5700U/ 16GB/ 512GB SSD/ Win11)
156,Ultimus Lite NU14U4INC44BN-CS Laptop (Celeron N4020/ 4GB/ 256GB SSD/ Win11 Home)
157,Zebronics Pro Series Z ZEB-NBC 3S 2023 Laptop (12th Gen Core i3 / 8GB/ 512GB SSD/ Win11 Home)
158,HP Spectre x360 14-eu0556TU Laptop (Intel Core Ultra 7/ 32GB/ 1TB SSD/ Win11 Home)
161,Zebronics ZEB-NBC 5S 2023 Laptop (12th Gen Core i7 / 16GB/ 1TB SSD/ Win11 Home)
163,HP Pavilion 14-dv2153TU Laptop (12th Gen Core i5/ 16GB/ 1TB SSD/ Win 11)
164,Lenovo IdeaPad Gaming 3 82SB00V2IN Laptop (AMD Ryzen 5 6600H/ 8GB/ 512GB SSD/ Win11 Home/ 4GB Graph)
166,HP Victus 15-fa1132TX Laptop (12th Gen Core i5/ 8GB/ 512GB SSD/ Win11 Home/ 4GB Graph)
154,Asus Vivobook 16 2023 X1605ZAB-MB342WS Laptop (12th Gen Core i3/ 16GB/ 512GB SSD/ Win11 Home)
501,Lenovo IdeaPad Slim 5 82XE0072IN Laptop (AMD Ryzen 7 7730U/ 16GB/ 512GB SSD/ Win11)
173,Lenovo IdeaPad 1 15IGL7 82V700BSIN Laptop (Celeron N4020/ 8GB/ 256GB SSD/ Win11 Home)
174,HP 255 G8 7J035AA Laptop (Ryzen 5-5500U/ 8GB/ 256GB SSD/ Win11)
175,Acer Predator Helios Neo 16 2023 PHN16-71 Gaming Laptop (13th Gen Core i9/ 16GB/ 1TB SSD/ Win11/ 8GB Graph)
521,Fujitsu UH-X 4ZR1L73352 2-in-1 Laptop (13th Gen Core i7/ 16GB/ 1TB SSD/ Win11)
176,Asus TUF Gaming F15 FX506HE-HN382W Gaming Laptop (11th Gen Core i7/ 16GB/ 512GB SSD/ Win11/ 4GB Graph)
180,Wings Nuvobook Pro Laptop (11th Gen Core i7/ 16GB/ 512GB SSD/ Win11)
181,Wings Nuvobook S1 Laptop (11th Gen Core i3/ 8GB/ 256GB SSD/ Win11)
183,Infinix INBook X3 Slim XL422 Laptop (12th Gen Core i5/ 16GB/ 512GB SSD/ Win 11 Home)
185,MSI Thin GF63 11SC-1494IN Gaming Laptop (11th Gen Core i5/ 8GB/ 512GB SSD/ Win11 Home/ 4GB Graph)
187,HP Victus 16-s0089AX Gaming Laptop (AMD Ryzen 7 7840HS/ 16GB/ 1TB SSD/ Win11/ 4GB Graph)
188,Lenovo IdeaPad Slim 5i 82XF003CIN Laptop (13th Gen Core i5/ 16GB/ 512GB SSD/ Win11)
191,Lenovo LOQ 15IRH8 82XV00BQIN 2023 Gaming Laptop (13th Gen Core i7/ 16GB/ 512GB SSD/ Win11/ 6GB Graph)
192,HP 240 G8 689U2PA Business Laptop (11th Gen Core i3/ 8GB/ 512 GB SSD/ Win11)
194,HP Omen 16-wf1026TX Gaming Laptop (14th Gen Core i7/ 16GB/ 1TB SSD/ Win11 Home/ 8GB Graph)
198,HP Omen 16-wd0880TX Gaming Laptop (13th Gen Core i5/ 16GB/ 512GB SSD/ Win11 Home/ 6GB Graph)
200,Chuwi CoreBook X Laptop (10th Gen Core i3/ 8GB/ 512GB SSD/ Win11)
203,Infinix Zerobook ZL513 2023 Laptop (13th Gen Core i5/ 16GB/ 512GB SSD/ Win 11 Home)
204,Dell Inspiron 3525 Laptop (AMD Ryzen 5 5500U/ 8GB/ 512GB SSD/ Win11)
208,Asus Vivobook 15 X1502ZA-EJ541WS Laptop (12th Gen Core i5/ 16GB/ 512GB SSD/ Win11)
209,HP Pavilion 15-eg3079TU Laptop (13th Gen Core i5/ 16GB/ 512GB SSD/ Win11 Pro)
210,MSI Modern 14 C12M-671IN Laptop (12th Gen Core i7/ 16GB/ 512GB SSD/ Win11 Home)
212,Lenovo V15 G3 IAP 82TTA00UIH Laptop (12th Gen Core i3/ 8GB/ 512GB SSD/ DOS)
222,Asus Vivobook 15 X1502ZA-EJ542WS Laptop (12th Gen Core i5/ 16GB/ 512GB SSD/ Win11)
223,Asus Vivobook 15 M1502QA-EJ742WS Laptop (Ryzen 7 5800H/ 16GB/ 512GB SSD/ Win11)
211,MSI Thin GF63 11UC-1474IN Gaming Laptop (11th Gen Core i5/ 16GB/ 512GB SSD/ Win11 Home/ 4GB Graph)
217,Infinix INBook X2 Slim Series Laptop (11th Gen Core i3/ 8GB/ 512GB SSD/ Win 11 Home)
220,Acer One 14 Z8-415UN.599SI.009 Laptop (11th Gen Core i3 / 8GB/ 256GB SSD/ Win11 Home)
547,Dell Vostro 3430 VN3430RHXFG001ORB1 Laptop (13th Gen Core i5/ 8GB/ 512GB SSD/ Win11 Pro)
249,Dell Vostro 3425 M552321WIN9S Laptop (AMD Ryzen 5 5625U/ 16GB/ 512GB SSD/ Win11 Home)
519,Asus TUF Gaming F15 FX506HF-HN076W Gaming Laptop (11th Gen Core i5/ 16GB/ 512GB SSD/ Win11/ 4GB Graph)
253,HP ProBook 445 G8 Business Laptop (AMD Ryzen 7 5800U/ 8GB/ 512GB SSD/ Win11)
255,Asus Vivobook 15 OLED 2023 M1505YA-LK541WS Laptop (Ryzen 5 7530U/ 16GB/ 512GB SSD/ Win11 Home)
257,Asus Vivobook 16 2023 M1605YA-MB741WS Laptop (Ryzen 7 7730U/ 16GB/ 512GB SSD/ Win11 Home)
258,Samsung Galaxy Book 3 NP750XFG-KB1IN Laptop (13th Gen Core i5/ 8GB/ 512GB SSD/ Win11)
664,HP Envy x360 15-fh0015AU Laptop (AMD Ryzen 5 7530U/ 16GB/ 512GB SSD/ Win11 Home)
687,Asus ROG Zephyrus G14 2023 GA402XU-N2045WS Gaming Laptop (AMD Ryzen 9 7940HS/ 16GB/ 1TB SSD/ Win11/ 6GB Graph)
933,Lenovo V14-IGL 82C40185PB Laptop (Celeron N4020/ 4GB/ 256GB SSD/ DOS)
720,Dell Inspiron 5620 ICC-C783531WIN8 Laptop (12th Gen Core i5/ 16GB/ 512GB SSD/ Win11/ 2GB Graph)
260,Infinix INBook Y1 Plus Laptop (10th Gen Core i3/ 8GB/ 256GB SSD/ Win 11 Home)
261,HP Victus 15-fb0107AX Gaming Laptop (Ryzen 7-5800H/ 16GB/ 512GB SSD/ Win11/ 4GB Graph)
262,Asus VivoBook 15 X1500EA-EJ3379WS Laptop (11th Gen Core i3/ 8GB/ 512GB SSD/ Win11)
264,HP Victus 16-d0311TX Gaming Laptop (11th Gen Core i5/ 16GB/ 512GB SSD/ Win11/ 4GB Graph)
265,HP 15s-fr4000TU Laptop (11th Gen Core i5/ 8GB/ 512GB SSD/ Win11 Home)
272,MSI Creator M16 A12UD-633IN Laptop (12th Gen Core i7/ 16GB/ 512GB SSD/ Win11/ 4GB Graph)
276,HP 15s-fq2673TU Laptop (11th Gen Core i3/ 8GB/ 512GB SSD/ Win11 Home)
278,Apple MacBook Air 2022 Laptop (Apple M2/ 8GB/ 512GB SSD/ MacOS)
279,Apple MacBook Pro 2022 Laptop (Apple M2/ 8GB/ 512GB SSD/ macOS)
280,Samsung Galaxy Book2 15 Laptop (12th Gen Core i5/ 8GB/ 512GB SSD/ Win11)
282,HP Pavilion 15-eg2009TU Laptop (12th Gen Core i5/ 8GB/ 512GB SSD/ Win11 Home)
283,HP 247 G8 67U77PA Laptop (Athlon P-3045B HD/ 8GB/ 1TB HDD/ Win11)
285,HP 14s-fq1092au Laptop (Ryzen 5 5500U/ 8GB/ 512GB SSD/ Win11 Home)
286,Realme Book Slim Laptop (11th Gen Core i3/ 8GB/ 256GB SSD/ Win10)
287,Dell Inspiron 3501 Laptop (11th Gen Core i5/ 8GB/ 1TB 256GB SSD/ Win10)
289,HP EliteBook 840 G6 (8LX79PA) Laptop (8th Gen Core i5/ 8GB/ 512GB SSD/ Win10)
682,HP 14-hr0001AU Laptop (AMD Ryzen 5 7520U/ 8GB/ 512GB SSD/ Win11 Home)
291,Chuwi Gemibook X Pro Laptop (Intel Celeron N100/ 8 GB/ 256 GB SSD/ Win11 Home)
292,Chuwi CoreBook X Laptop (10th Gen Core i5/ 16GB/ 512GB SSD/ Win11)
293,Avita Liber Liber E AM14A2INL54F Laptop (AMD Ryzen 5 5500U/ 8GB/ 256GB SSD/ Win11 Home)
294,Lenovo ThinkPad X1 Fold Gen 1 Laptop (Intel Core i5/ 8GB/ 1TB SSD/ Win10 Pro)
568,HP Envy x360 13-bf0141tu Laptop (12th Gen Core i7/ 16GB/ 512GB SSD/ Win11)
298,Lenovo Ideapad Flex 5 14IAU7 82R700KHIN Laptop (12th Gen Core i3/ 8GB/ 512GB SSD/ Win11 Home)
299,HP 250 G9 95X38PA Laptop (12th Gen Core i5/ 8GB/ 512 GB SSD/ DOS)
300,HP 240 G9 8J0S5PA Laptop (12th Gen Core i5/ 8GB/ 512 GB SSD/ DOS)
301,Lenovo ThinkBook 14 21DH00C1IH Laptop (12th Gen Core i5/ 8GB/ 512GB SSD/ DOS)
306,Lenovo IdeaPad Slim 3i 82RK011EIN Laptop (12th Gen Core i7/ 16GB/ 512GB SSD/ Win11 Home)
307,"Dell Inspiron 3535 Laptop (AMD Ryzen R3-7320U,/ 8GB/ 512GB SSD/ Win11)"
308,HP 15s-EQ2084AU Laptop (AMD Ryzen 7 5700U/ 16GB/ 512GB SSD/ Win11 Home)
310,Lenovo Ideapad Slim 5 82XD006GIN Laptop (13th Gen Core i5/ 16 GB RAM/ 1TB SSD/ Win 11)
312,HP 250 G9 95X40PA Laptop (12th Gen Core i7/ 8GB/ 512 GB SSD/ DOS)
314,Lenovo Thinkpad E14 G4 21E3S00P00 Laptop (12th Gen Core i5/ 8GB/ 512GB SSD/ DOS)
315,Dell Latitude 7440 14 Laptop (13th Gen Core i5/ 16GB/ 512GB SSD/ Win11 Pro)
317,Acer Aspire 3 15 A315-510P UN.KDHSI.019 Laptop (Intel Core i3 N305/ 8GB/ 512GB SSD/ Win11 Home)
320,Avita Liber AM15A2INT56F Laptop (12th Gen Core i3/ 8GB/ 512GB SSD/ Win11 Home)
324,Avita Pura S101 Laptop (Celeron N4020/ 8GB/256GB SSD/ Win11 Home)
328,Asus Chromebook CX1500CKA-EJ0247 Laptop (Celeron N4500/ 8GB/ 128GB eMMC/ Chrome OS)
330,Acer Aspire 5 A515-57 NX.K3JSI.006 Laptop (12th Gen Core i5/ 8GB/ 512GB SSD/ Win11 Home)
332,Lenovo IdeaPad Gaming 3 Gen 6 82K2028QIN Laptop (AMD Ryzen 5 5500H/ 8GB/ 512GB SSD/ Win11 Home/ 4GB Graph)
333,Asus Chromebook CX1400FKA-EC0168 Laptop (Celeron N4500/ 8GB/ 128GB eMMC/ Chrome OS)
334,Avita Pura S102 Laptop (Celeron N4020/ 8GB/ 512GB SSD/ Win11 Home)
336,HP Spectre x360 14-ef2036TU Laptop (13th Gen Core i7/ 16GB/ 512GB SSD/ Win11 Home)
338,HP ProBook 440 G9 821M3PA Laptop (12th Gen Core i5/ 8GB/ 512GB SSD/ Win11)
339,HP 15s-FR5012TU Laptop (12th Gen Core i3/ 8GB/ 512GB SSD/ Win11 Home)
343,Lenovo Legion Pro 7 82WQ007UIN Gaming Laptop (13th Gen Core i9/ 32GB/ 1TB SSD/ Win11/ 16GB Graph)
344,Microsoft Surface Laptop Go 3 XK1-00045 (12th Gen Core i5/ 8GB RAM/ 256 GB SSD/ Win 11)
346,Acer Aspire Lite AL15-41 Laptop (AMD Ryzen 5 5500U/ 16GB/ 1TB SSD/ Win11)
636,HP ZBook Studio G9 16 WUXGA Workstation Laptop (12th Gen Core i7/ 16GB/ 1TB SSD/ Win11/ 6GB Graph)
742,Asus Vivobook S15 OLED 2023 S5504VA-MA554WS Laptop (13th Gen Core i5/ 16GB/ 1TB SSD/ Win11)
348,Lenovo IdeaPad Gaming 3 82K101LJIN Laptop (11th Gen Core i5/ 16GB/ 512GB SSD/ Win11 Home/ 4GB Graph)
615,Asus Vivobook 16X 2023 K3605ZF-MBN741WS Laptop (12th Gen Core i7/ 16GB/ 512GB SSD/ Win11 Home/ 4GB Graph)
353,Lenovo IdeaPad Flex 5 82R9008FIN Laptop (AMD Ryzen 5 5500U/ 16GB/ 512GB SSD/ Win11 Home)
354,Asus Vivobook Go 14 E1404FA-NK547WS Laptop (Ryzen 5 7520U/ 8GB/ 512GB SSD/ Win11)
355,Asus Vivobook 15X OLED M3504YA-LK552WS Laptop (AMD Ryzen 5 7530U/ 16GB/ 1TB SSD/ Win11 Home)
357,Lenovo V15 G4 Laptop (AMD Ryzen 5 7520U/ 8GB/ 512GB SSD/ Win11 Home)
360,Lenovo IdeaPad 1 15AMN7 82VG00ERIN Laptop (AMD Ryzen 3 7320U / 8GB/ 512GB SSD/ Win11 Home)
361,Asus Vivobook 16X K3605VU-MB541WS Laptop (13th Gen Core i5/ 16GB/ 512GB SSD/ Win11 Home/ 6GB Graph)
363,HP 250 G9 7M657PA Laptop (12th Gen Core i3/ 8GB/ 512GB SSD/ Win11)
368,Acer Chromebook CB314-3H NX.K04SI.008 Laptop (Intel Celeron N4500/ 8GB/ 64GB SSD/ Chrome OS)
369,Dell Inspiron 3520 IN3520KTMFJS01ORS1 Laptop (11th Gen Core i3/ 8GB/ 512GB SSD/ Win11)
370,Lenovo IdeaPad Gaming 3 15ACH6 82K20289IN Laptop (AMD Ryzen 5 5500H/ 8GB/ 512GB SSD/ Win11 Home/ 4GB Graph)
374,Zebronics ZEB-NBC 2S 2023 Laptop (11th Gen Core i5 / 8GB/ 512GB SSD/ Win11 Home)
378,Ultimus Lite NU14U4INC54BN-CS Laptop (Celeron N4020/ 8GB/ 256GB SSD/ Win11 Home)
379,HP 15s-fy5007TU Laptop (12th Gen Core i5/ 8GB/ 512GB SSD/ Win11 Home)
380,Zebronics ZEB-NBC 5S Laptop (12th Gen Core i7 / 16GB/ 512GB SSD/ Win11 Home)
383,HP Omen 16-u0024TX Gaming Laptop (13th Gen Core i9/ 32GB/ 2TB SSD/ Win11 Home/ 8GB Graph)
384,HP Omen 17-cm2002TX Gaming Laptop (13th Gen Core i7/ 16 GB RAM/ 512 GB SSD/ Win 11/ 8 GB Graphics)
386,Asus TUF Gaming F17 FX707ZC4-HX048WS Gaming Laptop (12th Gen Core i5/ 8GB/ 512GB SSD/ Win11/ 4GB Graph)
388,Lenovo Yoga Slim 6 83E00006IN Laptop (13th Gen Core i5/ 16GB/ 512GB SSD/ Win11 Home)
390,Lenovo IdeaPad Gaming 3 82K2027CIN Laptop (AMD Ryzen 5 5600H/ 8GB/ 512GB SSD/ Win11 Home/ 4GB Graph)
392,Asus CX1101CMA-GJ0004 Chromebook (Celeron N4020/ 4GB/ 32GB eMMC/ Chrome OS)
393,Asus TUF Gaming F17 FX706HF-HX019W Laptop (11th Gen Core i5/ 16GB/ 512GB SSD/ Win11/ 4GB Graph)
396,Lenovo IdeaPad Flex 5 14IRU8 82Y00051IN Laptop (13th Gen Core i5/ 16GB/ 512GB SSD/ Win11 Home)
397,Lenovo IdeaPad 1 15ALC7 82R400BSIN Laptop (AMD Ryzen 5 5500U / 8GB/ 512GB SSD/ Win11 Home)
398,Dell Inspiron 5430 IN5430FR0KC001ORS1 Laptop (13th Gen Core i5/ 8GB/ 512GB SSD/ Win11)
399,HP 15s-fy5006TU Laptop (12th Gen Core i3/ 8GB/ 512GB SSD/ Win11 Home)
403,Lenovo Legion Slim 5 82YA00DXIN Gaming Laptop (13th Gen Core i7/ 16GB/ 1TB SSD/ Win11/ 8GB Graph)
404,Lenovo IdeaPad Slim 5 82XD005RIN Laptop (13th Gen Core i5/ 16GB/ 512GB SSD/ Win11)
405,Lenovo Legion 5 Pro 82JQ010EIN Laptop (AMD Ryzen 7 5800H/ 16GB/ 512GB SSD/ Win11 Home/ 6GB Graph)
663,HP Envy x360 15-fh0019AU Laptop (AMD Ryzen 7 7730U/ 16GB/ 512GB SSD/ Win11 Home)
406,Lenovo IdeaPad 1 82VG00ESIN Laptop (AMD Ryzen 5 7520U / 8GB/ 512GB SSD/ Win11 Home)
411,HP 14s-dr3002TU Laptop (Intel Celeron N4500/ 8GB/ 512GB SSD/ Win11 Home)
412,Acer TravelMate P2 TMP214-53 Business Laptop (11th Gen Core i7/ 16GB/ 1TB SSD/ Win11 Home)
414,Lenovo IdeaPad Slim 1 82VG00EVIN Laptop (AMD Ryzen 3 7320U/ 8GB/ 512GB SSD/ Win11 Home)
415,Lenovo IdeaPad Gaming 3 82K101PCIN Laptop (11th Gen Core i5/ 8GB/ 512GB SSD/ Win11 Home/ 4GB Graph)
419,HP Zbook FireFly 14 G8 4F0W6PA Laptop (11th Gen Core i5/ 16GB/ 512GB SSD/ Win11 )
423,Lenovo IdeaPad Gaming 3 82SB00V4IN Laptop (AMD Ryzen 5 6600H/ 8GB/ 512GB SSD/ Win11 Home/ 4GB Graph)
425,Lenovo IdeaPad Slim 3 82RK011DIN Laptop (12th Gen Core i3/ 8GB/ 256GB SSD/ Win11)
426,Dell Vostro 3520 Laptop (11th Gen Core i5/ 8GB/ 512GB SSD/ Win11)
427,Lenovo IdeaPad 1 15AMN7 82VG00EQIN Laptop (AMD Athlon 7120U / 8GB/ 512GB SSD/ Win11 Home)
429,Dell Vostro 3530 Laptop (13th Gen Core i5/ 8GB/ 512GB SSD/ Win11)
431,Lenovo V14 G4 Laptop (AMD Ryzen 3 7320U / 8GB/ 512GB SSD/ Win11 Home)
433,Dell Inspiron 3520 15 Laptop (12th Gen Core i5/ 8GB/ 512GB SSD/ Win11)
434,Lenovo Thinkpad E15 G4 21DJA0Y0IN Laptop (12th Gen Core i7/ 16GB/ 512GB SSD/ Win11 Home)
435,Dell Vostro 3525 Laptop (AMD Ryzen 5-5500U/ 8GB/ 512GB SSD/ Win11)
439,Lenovo IdeaPad Slim 3i 82X70032IN Laptop (13th Gen Core i3/ 8GB/ 512GB SSD/ Win11 Home)
440,Lenovo IdeaPad Flex 5 Gen 8 82XX0070IN Laptop (AMD Ryzen 5 7530U/ 16GB/ 512GB SSD/ Win11 Home)
442,Lenovo IdeaPad 3 82H802L3IN Laptop (11th Gen Core i3/ 8GB/ 512GB SSD/ Win11 Home)
444,Dell Inspiron 3530 15 Laptop (13th Gen Core i5/ 16GB/ 1TB SSD/ Win11 Home)
446,Lenovo IdeaPad Gaming 3 15IHU6 82K101PCIN Laptop (11th Gen Core i5/ 8GB/ 512GB SSD/ Win11/ 4GB Graph)
447,Acer Aspire Lite 15 AL15-51 Laptop (11th Gen Core i3/16GB/ 512GB SSD/ Win11)
450,Microsoft Surface Laptop Go 3 (12th Gen Core i5/ 16 GB RAM/ 256 GB SSD/ Win 11)
451,Ultimus Neo NU14U3INT54BN Laptop (10th Gen Core i3/ 8GB/ 256GB SSD/Win11 Home)
453,Dell Inspiron 7430 2023 Laptop (13th Gen Core i7/ 16GB/ 1TB SSD/ Win11)
458,HP Pavilion x360 14-ek1021TU Laptop (13th Gen Core i7/ 16GB/ 512GB SSD/ Win11)
459,Lenovo IdeaPad Gaming 3 15IAH7 82S9014LIN Laptop (12th Gen Core i5/ 16GB/ 512GB SSD/ Win11 Home/ 4GB Graph)
460,Lenovo S14 Gen 3 82TW001DIH Laptop (12th Gen Core i5/ 8GB/ 512GB SSD/ Win11)
461,Lenovo Yoga Pro 7 82Y700A2IN Laptop (13th Gen Core i7/ 16GB/ 1TB SSD/ Win11 Home)
714,Acer One 14 Z8-415 2023 Laptop (11th Gen Core i5 / 16GB/ 512GB SSD/ Win11 Home)
462,HP 15-fc0027AU Laptop (AMD Ryzen 3 7320U/ 8GB/ 512GB SSD/ Win11 Home)
729,HP Zbook Power G4-A Laptop (AMD Ryzen 7 6800H/ 16GB/ 1TB SSD/ Win11/ 4GB Graph)
765,Dell Inspiron 5430 IN54304D6P9M01ORS1 Laptop (13th Gen Core i7/ 16GB/ 512GB SSD/ Win11)
766,Dell Inspiron 5430 IN54308TR2G001ORS1 Laptop (13th Gen Core i5/ 16GB/ 512GB SSD/ Win11)
463,Lenovo Legion Slim 5 16APH8 82Y9008MIN Gaming Laptop (AMD Ryzen 7 7840HS/ 16GB/ 512GB SSD/ Win11/ 8GB Graph)
466,Asus VivoBook 15 X515MA-BR022WS Laptop (Celeron N4020/ 8GB/ 512GB SSD/ Win11 Home)
467,Fujitsu CH 4ZR1L82434 Laptop (13th Gen Core i7/ 16GB/ 512GB SSD/ Win11)
470,Asus Vivobook 15 X1504ZA-NJ542WS Laptop (12th Gen Core i5/ 16GB/ 512GB SSD/ Win11)
473,Lenovo Ideapad 3 15ITL06 82H803GUIN Laptop (11th Gen Core i3/ 8GB/ 512GB SSD/ Win11)
474,Lenovo IdeaPad Flex 5 82Y00053IN Laptop (13th Gen Core i7/ 16GB/ 512GB SSD/ Win11 Home)
475,Lenovo IdeaPad 3 82H803HRIN Laptop (11th Gen Core i7/ 16GB/ 512GB SSD/ Win11 Home)
479,HP 250 G9 7N179PA Laptop (12th Gen Core i5/ 8 GB RAM/ 512 GB SSD/ Win 11)
480,Lenovo Ideapad Slim 5 82XF007CIN Laptop (13th Gen Core i5/ 16 GB RAM/ 1 TB SSD/ Win 11)
481,Lenovo IdeaPad Slim 5i 83BG000DIN Laptop (12th Gen Core i5/ 16 GB RAM/ 512 GB SSD/ Win 11)
486,Acer Aspire 7 A715-76G NH.QMYSI.001 Gaming Laptop (12th Gen Core i5/ 8GB/ 512GB SSD/ Win11 Home/ 4GB Graph)
487,Asus TUF Gaming F15 90NR0GW1-M00F00 Laptop (12th Gen Core i7/ 16GB/ 1TB SSD/ Win11/ 4GB Graph)
488,Asus Vivobook 16X 2023 K3605ZV-MBN741WS Laptop (12th Gen Core i7/ 16GB/ 512GB SSD/ Win11)
489,Asus Chromebook CX1400CKA-EK0257 Laptop (Celeron N4500/ 4GB/ 64GB eMMC/ Chrome OS)
493,HP 250 G9 7M659PA Laptop (12th Gen Core i3/ 8GB/ 512GB SSD/ Win11)
494,Asus Chromebook CX1500CKA-EJ0275 Laptop (Celeron N4500/ 8GB/ 64GB eMMC/ Chrome OS)
495,Gigabyte G5 KF-E3IN313SH Laptop (12th Gen Core i5/ 8GB/ 512GB SSD/ Win11 Home/ 8GB Graph)
498,Lenovo IdeaPad Flex 5 82Y0004YIN Laptop (13th Gen Core i3/ 8GB/ 512GB SSD/ Win11 Home)
502,Lenovo IdeaPad Slim 3 82XQ008UIN Laptop (AMD Ryzen 5 7520U/ 8GB/ 512GB SSD/ Win11 Home)
503,Lenovo IdeaPad Slim 3 82XQ0096IN Laptop (AMD Ryzen 5 7520U/ 16GB/ 512GB SSD/ Win11 Home)
504,Lenovo V15 G3 IAP 82TT004VIH Laptop (12th Gen Core i5/ 8GB/ 512GB SSD/ DOS)
508,MSI Thin GF63 11UC-1291IN Gaming Laptop (11th Gen Core i5/ 16GB/ 512GB SSD/ Win11 Home/ 4GB Graph)
510,MSI Katana 15 B12UDXK-1004IN Gaming Laptop (12th Gen Core i7/ 16GB/ 512GB SSD/ Win11 Home/ 6GB Graph)
511,Acer TMP214-41-G3 UN.VSQSI.007 Notebook (AMD Ryzen 5 5500U/ 16GB/ 512GB SSD/ Win11 Home)
764,Infinix INBook X2 Slim Series XL23 Laptop (11th Gen Core i5/ 16GB/ 512GB SSD/ Win 11 Home)
513,Asus VivoBook 15 X1504ZA-NJ326WS Laptop (12th Gen Core i3/ 8GB/ 512GB SSD/ Win11 Home)
514,Asus Vivobook Pro 15 OLED M6500QC-LK541WS Laptop (Ryzen 5 5600H/ 16GB/ 512GB SSD/ Win11/ 4GB Graph)
515,Asus Vivobook Go 14 2023 E1404FA-NK327WS Laptop (Ryzen 3 7320U / 8GB/ 512GB SSD/ Win11 Home)
522,HP 15S-EQ1550AU Laptop (AMD Ryzen 3 3250U/ 8 GB RAM/ 512 GB SSD/ Win 11)
524,Lenovo IdeaPad Gaming 3i 82K101GTIN Laptop (11th Gen Core i5/ 8 GB RAM/ 512 GB SSD/ Win 11/ 4 GB Graphics)
525,Dell Alienware x15 R2 D569947WIN9 Gaming Laptop (12th Gen Core i9/ 32 GB RAM/ 1 TB SSD/ Win 11/ 8 GB Graphics)
527,Lenovo IdeaPad Slim 5 14IAH8 83BF0045IN Laptop (12th Gen Core i5/ 16GB/ 1TB SSD/ Win11)
528,Wings Nuvobook S2 Laptop (11th Gen Core i3/ 8GB/ 512GB SSD/ Win11)
531,Lenovo IdeaPad 3 15ITL6 82H803GSIN Laptop (11th Gen Core i3/ 8GB/ 512GB SSD/ Win11 Home)
532,Lenovo IdeaPad Slim 5 82XD003NIN Laptop (13th Gen Core i5/ 16GB/ 512GB SSD/ Win11)
533,Infinix INBook X3 Slim Series XL422 Laptop (12th Gen Core i7/ 16GB/ 512GB SSD/ Win 11 Home)
535,Dell Inspiron 3530 2023 Laptop (13th Gen Core i3/ 8GB/ 1TB SSD/ Win11 Home)
536,Dell Inspiron 3520 Laptop (11th Gen Core i3/ 8GB/ 512GB SSD/ Win11)
539,Dell Inspiron 13 5330 Laptop (13th Gen Core i7/ 16GB/ 1TB SSD/ Win11)
540,Dell Inspiron 3525 Laptop (AMD Ryzen R3 5300U/ 8GB/ 512GB SSD/ Win11)
542,Dell Inspiron 3535 2023 Laptop (AMD Ryzen R5-7520U/ 8GB/ 1TB SSD/ Win11)
543,Dell Inspiron 7430 2023 2 in 1 Laptop (13th Gen Core i5/ 8GB/ 1TB SSD/ Win11)
550,MSI Thin GF63 12VE-664IN Gaming Laptop (12th Gen Core i7/ 16GB/ 1TB SSD/ Win11/ 6GB Graph)
551,MSI Thin GF63 12VF-663IN Gaming Laptop (12th Gen Core i7/ 16GB/ 512GB SSD/ Win11/ 8GB Graph)
553,MSI Pulse 17 B13VGK-666IN Gaming Laptop (13th Gen Core i7/ 8GB/ 1TB SSD/ Win11 Home/ 8GB Graph)
554,MSI Katana 17 B12VFK-668IN Gaming Laptop (12th Gen Core i7/ 8GB/ 1TB SSD/ Win11 Home/ 8GB Graph)
557,MSI Thin GF63 11SC-1493IN Gaming Laptop (11th Gen Core i5/ 16GB/ 512GB SSD/ Win11 Home/ 4GB Graph)
559,HP Victus 15-fa1064TX Gaming Laptop (13th Gen Core i7/ 16GB/ 512GB SSD/ Win11 Home/ 6GB Graph)
560,HP Victus  15-fa1060TX  Gaming Laptop (13th Gen Core i5/ 16GB/ 512GB SSD/ Win11 Home/ 6GB Graph)
562,HP Omen 16-u0023TX Gaming Laptop (13th Gen Core i9/ 32GB/ 1TB SSD/ Win11 Home/ 8GB Graph)
564,HP Victus 15-fb0153AX Gaming Laptop (AMD Ryzen 5 5600H/ 8GB/ 512GB SSD/ Win11/ 4GB Graph)
569,Lenovo IdeaPad Slim 3 82XQ008VIN Laptop (AMD Ryzen 5 7520U/ 16GB/ 512GB SSD/ Win11)
570,HP Omen 16-wd0770TX Gaming Laptop (13th Gen Core i5/ 16GB/ 512GB SSD/ Win11 Home/ 6GB Graph)
571,Asus Vivobook 16X 2023 K3605ZC-MBN741WS Laptop (12th Gen Core i7/ 16GB/ 512GB SSD/ Win11 Home/ 4GB Graph)
573,Acer Predator 16 NH.QLUSI.005 Laptop (13th Gen Core i9/ 16GB/ 1TB SSD/ Win11/ 8GB Graph)
841,HP 15-fd0024TU Laptop (13th Gen Core i7/ 16GB/ 512 GB SSD/ Win11 Home)
575,MSI Prestige 16 A13UCX-250IN Laptop (13th Gen Core i7/ 16GB/ 1TB SSD/ Win11/ 4GB Graphic)
576,HP Victus 15-fb0134AX Gaming Laptop (AMD Ryzen 5 5600H/ 16GB/ 512GB SSD/ Win11/ 4GB Graph)
578,Lenovo IdeaPad Slim 5 82XD003PIN Laptop (13th Gen Core i5/ 16GB/ 512GB SSD/ Win11)
579,Asus VivoBook 15 X1500EA-EJ326WS Laptop (11th Gen Core i3/ 8GB/ 512GB SSD/ Win11)
581,HP Pavilion x360 14-ek1074TU Laptop (13th Gen Core i5/ 16GB/ 512GB SSD/ Win11)
637,Lenovo IdeaPad 1 82V6005CIN Laptop (Celeron N4020/ 4GB/ 256GB SSD/ Win11 Home)
638,LG gram360 16 Laptop (13th Gen Core i7/ 16GB/ 1TB SSD/ Win11)
583,HP 15s-fr2515TU Laptop (11th Gen Core i3/ 8GB/ 512GB SSD/ Win11)
584,Lenovo LOQ 15APH8 82XT004HIN 2023 Gaming Laptop (AMD Ryzen 7 7840HS/ 16GB/ 512GB SSD/ Win11/ 6GB Graph)
585,Asus Vivobook 15 X1502ZA-EJ545WS Laptop (12th Gen Core i5/ 16GB/ 512GB SSD/ Win11)
588,HP Omen 16-wf0111TX Gaming Laptop (13th Gen Core i7/ 16GB/ 1TB SSD/ Win11 Home/ 8GB Graph)
589,Lenovo LOQ 15APH8 82XT009CIN 2023 Gaming Laptop (AMD Ryzen 7 7840HS/ 16GB/ 512GB SSD/ Win11/ 8GB Graph)
681,HP Envy 15-fe0030TU Laptop (13th Gen Core i7/ 16GB/ 512GB SSD/ Win11)
594,Acer Aspire Lite AL15-51 2023 Laptop (AMD Ryzen 5 5500U/ 8GB/ 512GB SSD/ Win11)
597,Dell Inspiron 5330 Laptop (13th Gen Core i5/ 16GB/ 512GB SSD/ Win11)
598,Dell XPS 15 9530 Laptop (13th Gen Core i7/ 16GB/ 1TB SSD/ Win11/ 6GB Graph)
599,Dell Inspiron 5330 Laptop (13th Gen Core i7/ 16GB/ 512GB SSD/ Win11)
603,Lenovo IdeaPad Slim 5i 82XF003DIN Laptop (13th Gen Core i7/ 16GB/ 512GB SSD/ Win11)
604,Dell Alienware X16 Gaming Laptop (13th Gen Core i9/ 32GB/ 2TB SSD/ Win 11/ 16GB Graph)
605,Dell Inspiron 5425 Laptop (AMD Ryzen 75825U/ 16GB/ 512GB SSD/ Win11) 84 votes
606,Dell Alienware X16 R1 2023 Gaming Laptop (13th Gen Core i9/ 32GB/ 1TB SSD/ Win 11/ 12GB Graph)
608,MSI Modern 15 B12M-613IN Laptop (12th Gen Core i3/ 8GB/ 512GB SSD/ Win11 Home)
611,Dell Alienware M18 R1 2023 Gaming Laptop (13th Gen Core i9/ 64GB/ 1TB SSD/ Win 11/ 16GB Graph)
612,HP 15s-fy5005TU Laptop (12th Gen Core i3/ 8GB/ 1TB SSD/ Win11 Home)
613,Lenovo Yoga 6 83B2005TIN Laptop (AMD Ryzen 5 7530U/ 16GB/ 512GB SSD/ Win11 Home)
617,HP 15s-fy5004TU Laptop (12th Gen Core i3/ 16GB/ 512GB SSD/ Win11 Home)
840,HP ProBook 440 G9 6J8T1PA Laptop (12th Gen Core i7/ 16GB/ 512GB SSD/ Win11)
621,LG Gram 14 2023 14Z90R-G.CH54A2 Laptop (13th Gen Core i5/ 16GB/ 512GB SSD/ Win11)
622,Dell Alienware m16 Gaming Laptop (AMD Ryzen 9 7845HX/ 32GB/ 2TB SSD/ Win 11/ 12GB Graph)
623,Acer Nitro 16 AN16-41 Gaming Laptop (AMD Ryzen 7 7840HS/ 16GB/ 512GB SSD/ Win11 Home/ 8GB Graph)
626,HP Chromebook x360 14a-ca0505TU Laptop (Intel Celeron N4120/ 4GB/ 64GB eMMC/ Chrome OS)
629,Fujitsu UH-X 4ZR1L12856 Laptop (13th Gen Core i7/ 16GB/ 512GB SSD/ Win11)
630,HP 2023 ZBook Firefly 16 G9 WUXGA Workstation Laptop (12th Gen Core i7/ 16GB/ 512GB SSD/ Win11/ 4GB Graphics)
631,Acer Aspire Lite AL15-51 2023 Laptop (11th Gen Core i5/ 16GB/ 512GB SSD/ Win11)
642,Asus Vivobook 15 2023 X1504VA-NJ544WS Laptop (13th Gen Core i5/ 16GB/ 512GB SSD/ Win11)
643,Walker NU14A1 Laptop (Celeron N4020/ 4GB/ 128GB SSD / Win11 Home)
644,HP 255 G8 6E3Z0PA Laptop (Ryzen 3 3250U/ 8GB/512GB SSD/ Dos)
646,Dell Inspiron 2023 14 5430 Laptop (13th Gen Core i5/ 16GB/ 1TB SSD/ Win11)
648,Lenovo S14 Gen 3 82TW001CIH Laptop (12th Gen Core i5/ 8GB/ 512GB SSD/ Win11)
650,MSI Katana GF66 12UCOK 2023 Gaming Laptop (12th Gen Core i5/ 16GB/ 512GB SSD/ Win11 Home/ 4GB Graph)
651,Lenovo ThinkBook 15 21JF002CIN Laptop (AMD Ryzen 3 7330U/ 8 GB/ 512 GB SSD/ DOS)
654,Asus Vivobook 15 OLED 2023 X1505VAU-LK543WS Laptop (13th Gen Core i5/ 16GB/ 512GB SSD/ Win11 Home)
655,Asus Vivobook 16X 2023 K3605ZU-MB541WS Laptop (12th Gen Core i5/ 16GB/ 512GB SSD/ Win11 Home/ 6GB Graph)
657,Asus Vivobook 15 2023 X1504VA-NJ543WS Laptop (13th Gen Core i5/ 16GB/ 512GB SSD/ Win11)
658,Lenovo ThinkPad E14 21JRS00T00 Laptop (AMD Ryzen 5 7530U/ 8GB/ 512GB SSD/ Win11 Home)
661,HP Envy x360 15-fe0027TU Laptop (13th Gen Core i5/ 16GB/ 512GB SSD/ Win11 Home)
665,HP Envy x360 15-ew0041TU Laptop (12th Gen Core i5/ 16GB/ 512GB SSD/ Win11)
666,HP 14-em0025AU Laptop (AMD Ryzen  3 7320U/ 8GB/ 512GB SSD/ Win11 Home)
667,HP 14-em0027AU Laptop (AMD Ryzen 5 7520U/ 16GB/ 512GB SSD/ Win11 Home)
671,Dell Inspiron 7430 2 in 1 Laptop (13th Gen Core i3/ 8GB/ 1TB SSD/ Win11)
673,Lenovo ThinkPad E14 21JRS00U00 Laptop (AMD Ryzen 5 7530U/ 16GB/ 512GB SSD/ Win11 Home)
674,Lenovo Thinkpad E15 21E6S05B00 Laptop (12th Gen Core i5/ 8GB/ 512GB SSD/ Win11 Home)
677,Acer Aspire Lite AL15-51 UN.431SI.252 Laptop (11th Gen Core i3/ 8GB/ 512GB SSD/ Win11)
679,HP Zbook Power G4-A 2023 ZHAN 99 Laptop (AMD Ryzen 5 6600H/ 16GB/ 1TB 512GB SSD/ Win11/ 4GB Graph)
680,Dell Inspiron 3535 Laptop (AMD Ryzen R5-7520U/ 8GB/ 512GB SSD/ Win11)
684,HP 14-hr0000AU Laptop (AMD Ryzen 5 7520U/ 16GB/ 512GB SSD/ Win11 Home)
685,HP Envy 15-fe0032TU Laptop (13th Gen Core i7/ 16GB/ 1TB SSD/ Win11)
689,Asus TUF Gaming F15 FX506HF-HN026W Gaming Laptop (11th Gen Core i5/ 8GB/ 1TB SSD/ Win11/ 4GB Graph)
690,Lenovo ThinkBook 15 G5 21JFA00QIN Laptop (AMD Ryzen 7 7730U/ 8 GB/ 512 GB SSD/ DOS)
694,Dell Inspiron 7420 2in1 Laptop (12th Gen Core i7/ 16GB/ 512GB SSD/ Win11)
696,MSI Cyborg 15 A12VF-049IN Gaming Laptop (12th Gen Core i7/ 16GB/ 512GB SSD/ Win11 Home/ 8GB Graph)
697,Lenovo ThinkPad E14 Gen 4 21E3S06Q00 Laptop (12th Gen Core i3/ 8GB/ 512GB SSD/ DOS)
704,Acer Aspire 3 NX.KDESI.008 Laptop (AMD Ryzen 3 7320U/ 8GB/ 512GB SSD/ Win11 Home)
706,HP Pavilion 14-dv1043TU Laptop (11th Gen Core i5/ 8GB/ 512GB SSD/ Win11 Home)
708,MSI Bravo 15 C7UCXK-094IN Gaming Laptop (AMD Ryzen 5 7535HS/ 16 GB RAM/ 512 GB SSD/ Win 11/ 4 GB Graphics)
710,Dell Latitude 3420 GD723YX17 Laptop (11th Gen Core i5/ 8GB/ 512GB SSD/ Ubuntu)
711,MSI Bravo 15 C7VFK-087IN Gaming Laptop (AMD Ryzen 7 7735HS/ 16GB/ 1TB SSD/ Win11 Home/ 8GB Graph)
717,MSI Bravo 17 C7VEK-035IN Gaming Laptop (AMD Ryzen 7 7735HS/ 16GB/ 1TB SSD/ Win11 Home/ 6GB Graph)
718,MSI Bravo 15 C7VEK-089IN Gaming Laptop (AMD Ryzen 5 7535HS/ 16GB/ 512GB SSD/ Win11 Home/ 6GB Graph)
719,HP 255 G9 7M654PA Laptop (12th Gen Core i3/ 8GB/ 512 GB SSD/ Win11)
723,Dell XPS 9530 2023 Laptop (13th Gen Core i7/ 32GB/ 1TB SSD/ Win11/ 6GB Graph)
724,Dell XPS 13 Plus 9320 2023 Laptop (13th Gen Core i7/ 32GB/ 1TB SSD/ Win11)
726,Lenovo Thinkpad E14 G4 21E3S02M00 Laptop (12th Gen Core i7/ 16GB/ 512GB SSD/ Win11 Pro)
730,Lenovo Thinkbook 14 Gen 4 Laptop (12th Gen Core i5/ 16GB/ 1TB SSD/ Win11 Pro)
731,AXL Vayu Book LAP02 Laptop (Celeron N4020/ 4GB/ 256GB SSD / Win11 Home)
732,MSI Modern 14 C7M-218IN Laptop (Ryzen 7 7730U/ 16GB/ 512GB SSD/ Win11)
737,Lenovo S14 82TW0019IH Laptop (12th Gen Core i5/ 8GB/ 512GB SSD/ Win11 Home)
738,HP Pavilion 15-EH3101AU Laptop (AMD Ryzen 7- 7730U/ 16GB/ 512GB SSD/ Win11 Home)
740,Asus Vivobook Pro 15 M6500QF-HN741WS  Laptop (Ryzen 7 5800H/ 16GB/ 512GB SSD/ Win11/ 4GB Graph)
741,Dell Alienware x14 R2 Gaming Laptop (13th Gen Core i7/ 16GB/ 1TB SSD/ Win 11/ 6GB Graph)
745,Lenovo V15 G4 82YU00W6IN Laptop (AMD Ryzen 3 7320U/ 8GB/ 512GB SSD/ DOS)
747,Lenovo V15 G3 IAP Laptop (12th Gen Core i3/ 8GB/ 512GB SSD/Win11)
748,Lenovo V14 G3 IAP Laptop (12th Gen Core i3/ 8GB/ 512GB SSD/ Win11)
749,Lenovo V15 G3 Laptop (12th Gen Core i5/ 8GB/ 512GB SSD/Win11)
753,Lenovo IdeaPad Slim 3 82H803B6IN Laptop (11th Gen Core i7/ 16GB/ 512GB SSD/ Win11)
843,Asus VivoBook 15 X515EA-EJ342WS Laptop (11th Gen Core i3/ 16GB/ 512GB SSD/ Win11)
698,Dell Vostro 5620 Laptop (12th Gen Core i3/ 8GB/ 512GB SSD/ Win11)
699,Dell Vostro 3525 D560926WIN9B Laptop (AMD Ryzen 5-5500U/ 8GB/ 512GB SSD/ Win11)
702,Acer Aspire 3 A315-510P Laptop (Intel Core i3 N305/ 8GB/ 256GB SSD/ Win11 Home)
790,Dell G16-7630 Gaming Laptop (13th Gen Core i9/ 16GB/ 1TB SSD/ Win11/ 8GB Graph)
703,Dell Inspiron 16 5635 Laptop (AMD Ryzen 5 7530U/ 8GB/ 512GB SSD/ Win11)
750,Lenovo V15 G3 82C7007SGE Laptop (AMD Ryzen 3 7320U/ 8GB/ 512GB SSD/ Win11 Home)
752,Dell Inspiron 5630 Laptop (13th Gen Core i7/ 16GB/ 512GB SSD/ Win11)
755,Lenovo IdeaPad 5 15ITL05 82FG01UUIN Laptop (11th Gen Core i7/ 16GB/ 512GB SSD/ Win11/ 2GB Graphic)
756,Dell Inspiron 3530 Laptop (13th Gen Core i5/ 8GB/ 512GB SSD/ Win11 Home)
759,Dell 2023 G16-7630 Gaming Laptop (13th Gen Core i7/ 32GB/ 1TB SSD/ Win11/ 8GB Graph)
760,Dell Inspiron 7430 IC7430FD64T001ORS1 Laptop (13th Gen Core i7/ 16GB/ 512GB SSD/ Win11)
762,HP 14s-dr3003TU 832T7PA Laptop (Pentium Silver N6000/ 8GB/ 512GB SSD/ Win11 Home)
770,Asus Vivobook 15 X515EA-EJ542WS Laptop (11th Gen Core i5/ 16GB/ 512GB SSD/ Win11)
771,Dell Inspiron 5430 IN5430YXVW9M01ORS1 Laptop (13th Gen Core i5/ 8GB/ 512GB SSD/ Win11)
772,HP ProBook 445 G8 7K2J8PA Business Laptop (AMD Ryzen 7 5800U/ 8GB/ 512GB SSD/ FreeDOS)
777,HP 14-ep0068TU Laptop (Core i3-N305/ 8GB/ 512GB SSD/ Win11 Home)
779,Acer One 14 Z2-493 Business Laptop (AMD Ryzen 5 / 8GB/ 512GB SSD/ Win11)
781,MSI Katana 15 B12UDXK-1019IN Gaming Laptop (12th Gen Core i5/ 16GB/ 1TB SSD/ Win11 Home/ 6GB Graph)
782,Acer One 14 Business Z2-493 Laptop (Ryzen 3 3250U/ 8GB/ 512GB SSD/ Win11)
784,HP Victus 15-fb0135AX Gaming Laptop (AMD Ryzen 5 5600H/ 8GB/ 512GB SSD/ Win11/ 4GB Graph)
786,Dell G15-5530 Gaming 2023 Laptop (13th Gen Core i7/ 16GB/ 512GB SSD/ Win11/ RTX 4060 8GB Graph)
788,HP Pavilion 15-eg3027TU Laptop (13th Gen Core i5/ 16GB/ 512GB SSD/ Win11 Home)
796,Acer Aspire 5 A515-58M NX.KHGSI.002 Gaming Laptop (13th Gen Core i5/ 16GB/ 512GB SSD/ Win11 Home)
799,Asus Vivobook 15X 2023 K3504VAB-NJ321WS Laptop (13th Gen Core i3/ 8GB/ 512GB SSD/ Win11 Home)
800,MSI Stealth 17 Studio A13VG-029IN Gaming Laptop (13th Gen Core i7/ 16GB/ 2TB SSD/ Win11 Home/ 8GB Graph)
791,Dell G15-5530 Gaming Laptop (13th Gen Core i7/ 16GB/ 512GB SSD/ Win11/ RTX 4050 6GB Graph)
798,HP Pavilion x360 14-ek1020TU Laptop (13th Gen Core i7/ 16GB/ 512 GB SSD/ Win11)
801,Asus TUF A15 FA577RM-HQ032WS Laptop (Ryzen 7 6800H/ 16GB/ 1TB SSD/ Win11 Home/ 6GB Graph)
844,HP 15s-fy5002TU Laptop (12th Gen Core i5/ 8GB/ 512GB SSD/ Win11 Home)
804,Asus TUF Gaming A15 2023 FA577XU-LP041WS Gaming Laptop (AMD Ryzen 9 7940HS/ 16GB/ 1TB SSD/ Win11 Home/ 6GB Graph)
918,Asus Zenbook 14 Flip OLED 2023 UP3404VA-KN753WS Laptop (13th Gen Core i7/ 16GB/ 1TB SSD/ Win11 Home)
805,Asus TUF Gaming F15 2023 FX507VU-LP091WS Gaming Laptop (13th Gen Core i7/ 16GB/ 1TB SSD/ Win11 Home/ 6GB Graph)
891,MSI Thin GF63 12UCX-265IN Gaming Laptop (12th Gen Core i5/ 16GB/ 512GB SSD/ Win11 Home/ 4GB Graph)
806,Asus TUF Gaming A15 2023 FA577XV-HQ036WS Gaming Laptop (AMD Ryzen 9 7940HS/ 16GB/ 1TB SSD/ Win11 Home/ 8GB Graph)
812,Asus TUF Gaming A17 FA777XU-HX026WS Gaming Laptop (AMD Ryzen 9 7940HS / 16GB/ 1TB SSD/ Win11 Home/ 6GB Graph)
813,Asus Vivobook 15X OLED M3504YA-LK541WS Laptop (AMD Ryzen 5 7530U/ 16GB/ 512GB SSD/ Win11 Home)
787,Acer Aspire 5 A515-58P NX.KHJSI.001 Gaming Laptop (13th Gen Core i3/ 8GB/ 512GB SSD/ Win11 Home)
10,Asus TUF Gaming F15 FX506HF-HN024W Gaming Laptop (11th Gen Core i5/ 8GB/ 512GB SSD/ Win11/ 4GB Graph)
39,Acer Aspire Lite AL15-52 15 Laptop (12th Gen Core i5/ 16GB/ 1TB SSD/ Win11)
48,Dell G15-5530 GN5530D83M6002ORB1 Gaming Laptop (13th Gen Core i5/ 16GB/ 512GB SSD/ Win11/ 6GB Graph)
55,HP Victus 16-s0095AX Gaming Laptop (AMD Ryzen 7 7840HS/ 16GB/ 512GB SSD/ Win11/ 6GB Graph)
63,Lenovo Ideapad Gaming 3 82SB00NXIN Laptop (AMD Ryzen 5 7535HS/ 16GB/ 512GB SSD/ Win11 Home/ 4GB Graph)
75,Acer Aspire 5 A515-57G UN.K9TSI.002 Gaming Laptop (12th Gen Core i5/ 16GB/ 512GB SSD/ Win11 Home/ 4GB Graph)
83,Asus VivoBook 14 X1400EA-EK543WS Notebook (11th Gen Core i5/16GB/ 512GB SSD/ Win11 Home)
94,MSI Bravo 15 B7ED-012IN Gaming Laptop (AMD Ryzen 5 7535HS/ 8GB/ 512GB SSD/ Win11 Home/ 4GB Graph)
100,Infinix INBook X2 Slim Series XL23 2023 Laptop (11th Gen Core i5/ 16GB/ 1TB SSD/ Win 11 Home)
807,Lenovo IdeaPad Slim 5 82FG01B3IN Laptop (11th Gen Core i5/ 16GB/ 512GB SSD/ Win11 Home)
836,Acer Predator Helios Neo 16 PHN16-71 2023 Gaming Laptop (13th Gen Core i7/ 16GB/ 1TB SSD/ Win11/ 8GB Graph)
837,Asus Vivobook 14X OLED 2023 K3405VCB-KM542WS Laptop (13th Gen Core i5/ 16GB/ 512GB SSD/ Win11/4 GB Graphics)
884,HP Victus 15-fb0121AX Gaming Laptop (AMD Ryzen 5 5600H/ 8GB/ 512GB SSD/ Win11/ 4GB Graph)
905,Asus Vivobook S15 OLED 2023 K5504VA-LK542WS Laptop (13th Gen Core i5/ 16GB/ 512GB SSD/ Win11 Home)
916,Asus VivoBook 14 2023 X1404VA-NK541WS Laptop (13th Gen Core i5/ 16GB/ 512GB SSD/ Win11 Home)
937,Asus Vivobook Pro 15 OLED M3500QC-L1712WS Laptop (Ryzen 7 5800H/ 16GB/ 1TB SSD/ Win11/ 4GB Graph)
979,Asus ROG Strix SCAR 16 2023 G634JZ-N4062WS Gaming Laptop (13th Gen Core i9/ 32GB/ 1TB SSD/ Win11 Home/ 12GB Graph)
275,Asus ROG Zephyrus G15 2022 GA503RW-LN067WS Gaming Laptop (AMD Ryzen 9 6900HS/ 16GB/ 1TB SSD/ Win11 Home/ 8GB Graph)
130,Asus ROG Flow X13 GV301RC-LJ073WS Gaming Laptop (AMD Ryzen 9 6900HS/ 16GB/ 1TB SSD/ Win11 Home/ 4GB Graph)
686,Asus Vivobook 16X 2023 K3605ZF-MBN544WS Laptop (12th Gen Core i5/ 16GB/ 512GB SSD/ Win11 Home/ 4GB Graph)
853,Acer 16 Predator Neo NH.QLTSI.001 Laptop (13th Gen Core i5/ 16GB/ 512GB SSD/ Win11/ 6GB Graph)
854,HP 15-fd0018TU Laptop (13th Gen Core i3/ 8GB/ 512GB SSD/ Win11 Home)
856,HP 15-fd0006TU Laptop (13th Gen Core i3/ 8GB/ 512GB SSD/ Win11 Home)
861,HP ProBook 440 G8 5D6U3PA Notebook PC (11th Gen Core i5/ 8GB/ 512GB SSD/ Win11)
863,Dell Vostro 15 3510 2023 Laptop (11th Gen Core i5/ 8GB/ 512GB SSD/ Win11 Home)
866,Dell Vostro 3420 Laptop (11th Gen Core i5/ 16GB/ 512GB SSD/ Win11)
869,Acer Aspire 5 A515-56G Laptop (11th Gen Core i5/ 8GB/ 512GB SSD/ Win11 Home/ 2GB Graph)
870,Acer Nitro 5 AN515-46 Gaming Laptop (Ryzen 5 6600H/ 16GB/ 1TB SSD/ Win11 Home/ 4GB Graph)
875,Asus Vivobook 14X OLED 2023 K3405VFB-KM541WS Laptop (13th Gen Core i5/ 16GB/ 512GB SSD/ Win11/4 GB Graphics)
876,HP Victus 15-fa1066TX Gaming Laptop (13th Gen Core i7/ 16GB/ 512GB SSD/ Win11 Home/ 6GB Graph)
878,HP Pavilion 15-eg2017TU Laptop (12th Gen Core i3/ 8GB/ 512GB SSD/ Win11 Home)
879,Asus Zenbook 14 OLED 2023 UX3402VA-KN541WS Laptop (13th Gen Core i5/ 16GB/ 512GB SSD/ Win11 Home)
885,HP 15s-fq2738TU Laptop (11th Gen Core i3/ 8GB/ 512GB SSD/ Win 11 Home)
886,Asus Vivobook 15 X1502ZA-EJ953WS Laptop (12th Gen Core i3/ 8GB/ 512GB SSD/ Win11)
887,HP Omen 16-n0123AX Gaming Laptop (AMD Ryzen 7 6800H/ 16GB/ 1TB SSD/ Win11/ 8GB Graph)
889,Asus Vivobook Go 14 E1404GA-NK322WS Laptop (Intel Core i3-N305/ 8GB/ 512GB SSD/ Win11 Home)
882,HP Victus 16-d0333TX Gaming Laptop (11th Gen Core i5/ 16GB/ 512GB SSD/ Win11/ 4GB Graph)
890,Asus Vivobook 15 2023 X1504VA-NJ523WS Laptop (13th Gen Core i5/ 8GB/ 512GB SSD/ Win11)
897,Lenovo ThinkPad P14s 21AKS02800 Laptop (12th Gen Core i7/ 16GB/ 512GB SSD/ Win11 Pro/ 4GB Graphics)
898,Asus Vivobook 15X OLED 2023 K3504VA-LK552WS Laptop (13th Gen Core i5/ 16GB/ 1TB SSD/ Win11 Home)
895,Acer Nitro 5 AN515-47 Gaming Laptop (AMD Ryzen 7 7735HS/ 16GB/ 512GB SSD/ Win11 Home/ 4GB Graph)
910,Asus Zenbook S13 OLED 2023 UX5304VA-NQ542WS Laptop (13th Gen Core i5/ 16GB/ 512GB SSD/ Win11)
920,Lenovo V15 82QYA00MIN Laptop (Celeron N4020/ 8GB/ 256GB SSD/ Win11 Home)
921,HP 255 G9 7B1L8PA Laptop (AMD Ryzen 5 5625U/ 8GB/ 512 GB SSD/ Win11 Home)
924,HP Spectre x360 16-f2002TU Laptop (13th Gen Core i7/ 16GB/ 1TB SSD/ Win11 Home)
926,Lenovo V15 G2 IJL 82QYA00HIN Laptop (Celeron N4500/ 8GB/ 256GB SSD/ DOS)
928,Acer Aspire 7 A715-75G Gaming Laptop (10th Gen Core i5/ 8GB/ 512GB SSD/ Win11 Home/ 4GB Graph)
930,Acer Aspire 3 14 A314-36M Laptop (Intel Core i3 N305/ 8GB/ 512GB SSD/ Win11 Home)
932,Acer Predator Helios 16 Laptop (13th Gen Core i9/ 32GB/ 1TB SSD/ Win11/ 12GB Graph)
934,Lenovo V14 82KAA04QIH Laptop (11th Gen Core i5/ 8GB/ 512GB SSD/ DOS)
941,Dell XPS 9315 D560076WIN9S Laptop (12th Gen Core i5 / 16GB/ 512GB SSD/ Win11)
942,Acer Aspire 3 A315-24P Laptop (Ryzen 3 7520U/ 8GB/ 256GB SSD/ Win11 Home)
952,HP 247 G8 Laptop (AMD Ryzen 3 3500U/ 8GB/ 512GB SSD/Win11)
41,HP 15s-fr5011TU Laptop (12th Gen Core i5/ 16GB/ 512GB SSD/ Win11 Home)
115,Asus TUF Gaming F15 2022 FX507ZC4-HN115W Gaming Laptop (12th Gen Core i5/ 8GB/512GB SSD/ Win11 / 4GB Graph)
956,HP Chromebook 15a-na0012TU Laptop (Intel Celeron N4500/ 4GB/ 128GB eMMC/ Chrome OS)
957,Lenovo V14 82KAA08BIH Laptop (11th Gen Core i3/ 8GB/ 512GB SSD/ Dos)
959,Lenovo V15 G3 82TTA01EIN Laptop (12th Gen Core i3/ 8GB/ 512GB SSD/ DOS)
963,Lenovo Thinkbook 15 21DJA0D9IH Laptop (12th Gen Core i5/ 16GB/ 1TB SSD/ Win11 Home)
902,Asus Vivobook 15X 2023 K3504VAB-NJ541WS Laptop (13th Gen Core i5/ 16GB/ 512GB SSD/ Win11 Home)
904,HP Spectre x360 2023 13.5-ef2034TU Laptop (13th Gen Core i7/ 32GB/ 1TB SSD/ Win11 Home)
906,Asus VivoBook 14 2023 X1404VA-NK321WS Laptop (13th Gen Core i3/ 8GB/ 512GB SSD/ Win11 Home)
913,Asus Vivobook 15 OLED 2023 X1505VA-LK542WS Laptop (13th Gen Core i5/ 16GB/ 512GB SSD/ Win11 Home)
922,Dell Vostro 3420 D552317WIN9B Laptop (12th Gen Core i5/ 8GB/ 512GB SSD/ Win11)
929,Acer Aspire 3 15 A315-510P Laptop (Intel Core i3 N305/ 8GB/ 512GB SSD/ Win11 Home)
945,Lenovo Thinkpad E15 21E6S05A00 Laptop (12th Gen Core i3/ 8GB/ 512GB SSD/ Win11 Home)
87,HP Victus 15-fa1145TX Gaming Laptop (12th Gen Core i5/ 16GB/ 1TB SSD/ Win11 Home/ 4GB Graph)
967,MSI Modern 14 C12M-440IN Laptop (12th Gen Core i5/ 8GB/ 512GB SSD/ Win11 Home)
968,MSI Modern 14 C12M-439IN Laptop (12th Gen Core i5/ 16GB/ 512GB SSD/ Win11 Home)
938,Fujitsu FMV MH 4ZR1K10326 Laptop (AMD Ryzen 7 5825U/ 16GB/ 512GB SSD/ Win11)
947,Dell Vostro 5620 M552319WIN9S Laptop (12th Gen Core i7/ 16GB/ 512GB SSD/ Win11/ 2GB Graph)
971,Acer Aspire 3 A315-24P NX.KDESI.003 Laptop (Ryzen 3 7520U/ 8GB/ 512GB SSD/ Win11 Home)
974,LG Gram 16T90Q-G.AH75A2 Laptop (12th Gen Core i7/ 16GB/ 512GB SSD/ Win11)
978,MSI Modern 14 C13M-435IN Laptop (13th Gen Core i7/ 16GB/ 512GB SSD/ Win11 Home)
982,HP Spectre x360 14-ef0075TU Laptop (12th Gen Core i7/ 16GB/ 1TB SSD/ Win11)
984,MSI Katana 15 B13VFK-296IN Gaming Laptop (13th Gen Core i7/ 16GB/ 1TB SSD/ Win11 Home/ 8GB Graph)
992,Asus Zenbook 14 2023 UM3402YA-KP541WS Laptop (Ryzen 5 7530U/ 16GB/ 512GB SSD/ Win11 Home)
993,HP Chromebook 15a-na0008TU Laptop (Intel Celeron N4500/ 4GB/ 128GB eMMC/ Chrome OS)
132,Lenovo IdeaPad Gaming 3 82K10198IN Laptop (11th Gen Core i5/ 8GB/ 512GB SSD/ Win11 Home/ 4GB Graph)
224,Acer Aspire 7 A715-76G NH.QMFSI.004 Gaming Laptop (12th Gen Core i5/ 16GB/ 512GB SSD/ Win11 Home/ 4GB Graph)
241,Asus Vivobook S14 Flip 2022 TN3402QA-LZ741WS Laptop (AMD Ryzen 7-5800H/ 16GB/ 512GB SSD/Win11)
858,HP Victus 15-fb0122AX Gaming Laptop (AMD Ryzen 5 5600H/ 8GB/ 512GB SSD/ Win11/ 4GB Graph)
342,HP Victus 15-fa1134TX Laptop (12th Gen Core i7/ 16GB/ 512GB SSD/ Win11 Home/ 6GB Graph)
376,Acer Aspire 5 A515-58GM 15 2023 Gaming Laptop (13th Gen Core i5/ 16GB/ 512GB SSD/ Win11/ 4GB Graphics)
409,Lenovo IdeaPad 3 15IAU7 82RK00XDIN Laptop (12th Gen Core i3/ 8GB/ 256GB SSD/ Win11 Home)
418,Dell Inspiron 15 3511 IN35117W5CCS01ORB1 Laptop (11th Gen Core i5/ 8GB/ 512GB SSD/ Win11)
485,Acer Aspire 7 A715-76G UN.QMYSI.002 Gaming Laptop (12th Gen Core i5/ 16GB/ 512GB SSD/ Win11 Home/ 4GB Graph)
500,Fujitsu UH-X 4ZR1M37246 Laptop (13th Gen Core i5/ 16GB/ 512GB SSD/ Win11)
549,Asus TUF Gaming F15 FX577ZC-HN192W Gaming Laptop (12th Gen Core i7/ 16GB/1TB SSD/ Win11 / 4GB Graph)
939,HP 15s-eq2223AU Laptop (AMD Ryzen 5 5500U/ 8GB/ 512GB SSD/ Win11 Home)
972,Asus Vivobook Go 14 2023 E1404FA-NK322WS Laptop (Ryzen 3 7320U / 8GB/ 512GB SSD/ Win11 Home)
987,Asus Vivobook 16 2023 M1605YA-MB541WS Laptop (Ryzen 5 7530U / 16GB/ 512GB SSD/ Win11 Home)
988,Acer Nitro 5 AN515-47 NH.QL3SI.003 Gaming Laptop (AMD Ryzen 7 7735HS/ 8GB/ 512GB SSD/ Win11 Home/ 4GB Graph)
990,MSI Thin GF63 12VE-070IN Gaming Laptop (12th Gen Core i7/ 16GB/ 512GB SSD/ Win11 Home/6GB Graphics)
178,Lenovo IdeaPad 3 82KU024JIN Laptop (AMD Ryzen 7 5700U/ 16GB/ 512GB SSD/ Win11 Home)
172,Asus Chromebook CX1500CKA-EJ0241 Laptop (Celeron N4500/ 4GB/ 64GB eMMC/ Chrome OS)
207,Asus Vivobook 16X 2023 K3605ZF-MBN524WS Laptop (12th Gen Core i5/ 8GB/ 512GB SSD/ Win11 Home/ 4GB Graph)
243,Asus Vivobook S15 OLED 2023 S5504VA-MA953WS Laptop (13th Gen Core i9/ 16GB/ 1TB SSD/ Win11)
329,Lenovo Ideapad Gaming 3 15ARH7 82SB00QJIN Laptop  (AMD Ryzen 5 7535HS / 16GB/ 512GB SSD/ Win11 Home/ 4GB Graph)
395,Asus Chromebook 14 CX1400CKA-EK0266 Laptop (Celeron N4500/ 8GB/ 128GB eMMC/ Chrome OS)
422,Lenovo IdeaPad 1 15AMN7 82VG00J5IN Laptop (AMD Ryzen 5 7520U / 8GB/ 512GB SSD/ Win11 Home)
496,Lenovo IdeaPad Slim 5 16IAH8 83BG000PIN Laptop (12th Gen Core i5/ 16GB/ 512GB SSD/ Win11)
523,HP Omen 16-wf0056TX 834U0PA Gaming Laptop (13th Gen Core i7/ 16 GB RAM/ 512 GB SSD/ Win 11/ 8 GB Graphics)
767,Dell Inspiron 7430 IC7430PXXWC001ORS1 Laptop (13th Gen Core i5/ 8GB/ 512GB SSD/ Win11)
803,Asus ROG Zephyrus G14 2023 GA402XV-N2034WS Gaming Laptop (AMD Ryzen 9 7940HS/ 32GB/ 1TB SSD/ Win11/ 8GB Graph)
827,MSI Katana 15 B12UDXK-1006IN Gaming Laptop (12th Gen Core i5/ 8GB/ 512GB SSD/ Win11 Home/ 6GB Graph)
893,Acer Nitro 5 AN515-47 2023 Gaming Laptop (AMD Ryzen 5 7535HS/ 16GB/ 512GB SSD/ Win11/ 4GB Graph)
986,Asus Vivobook 16 2023 M1605YA-MB551WS Laptop (Ryzen 5 7530U / 16GB/ 1TB SSD/ Win11 Home)
25,Apple MacBook Pro 16 2023 Laptop (Apple M3 Max/ 48GB/ 1TB SSD/ macOS)
31,HP Pavilion 15-eg3081TU Laptop (13th Gen Core i5/ 16GB/ 512GB SSD/ Win11 Home)
775,Asus Vivobook 16 2023 M1605YA-MB521WS Laptop (Ryzen 5 7530U / 8GB/ 512GB SSD/ Win11 Home)
635,LG UltraPC 16 16U70R-G.AH56A2 Laptop (AMD Ryzen5-7530U/ 16GB/ 512GB SSD/ Win11)
670,HP Pavilion Plus 14-eh1047TU Laptop (13th Gen Core i7/ 16GB/ 512GB SSD/ Win 11)
297,Lenovo IdeaPad Slim 3 83ER008DIN Laptop (12th Gen Core i5/ 16GB/ 512GB SSD/ Win11)
566,Asus Vivobook 15 X1504ZA-NJ325WS Laptop (12th Gen Core i3/ 8GB/ 512GB SSD/ Win11)
619,Asus Vivobook Pro 15 M6500QC-LK542WS Laptop (AMD R5 5600H/ 16GB/ 512GB SSD/ Win11/ 4GB Graph)
633,HP ZBook Firefly 16 G9 2023 Workstation Laptop (12th Gen Core i5/ 16GB/ 512GB SSD/ Win11/ 4GB Graphics)
722,MSI Thin GF63 11UC-1475IN Gaming Laptop (11th Gen Core i5/ 8GB/ 512GB SSD/ Win11 Home/ 4GB Graph)
919,Asus Vivobook S14 Flip 2022 TN3402QA-LZ520WS Laptop (AMD Ryzen 5-5600H/ 8GB/ 512GB SSD/Win11)
728,LG Gram Style 14 14Z90RS-G.CH74A2 Laptop (13th Gen Core i7/ 16GB/ 512GB SSD/ Win11)
778,HP Victus 15-fb0136AX Gaming Laptop (AMD Ryzen 5 5600H/ 16GB/ 512GB SSD/ Win11/ 4GB Graph)
908,Asus Zenbook 14 Flip OLED 2023 UP3404VA-KN542WS Laptop (13th Gen Core i5/ 16GB/ 512GB SSD/ Win11 Home)
954,Asus Vivobook 14 OLED 2023 M1405YA-KM541WS Laptop (AMD Ryzen 5 7530U/ 16GB/ 512GB SSD/ Win11 Home)
114,Acer Nitro 5 AN515-58 NH.QLZSI.001 Gaming Laptop (12th Gen Core i7/ 16GB/ 512GB SSD/ Win11/ 6GB Graph)
126,Acer Extensa 15 EX215-33 2023 Laptop (Intel Core i3 N305/ 8GB/ 512GB SSD/ Win11 Home)
135,Asus Vivobook 15 Touch X515EA-EZ311WS Laptop (11th Gen Core i3/ 8GB/ 512GB SSD/ Win11 Home)
152,Dell Inspiron 3530 IN3530RMD8W001ORS1 Laptop (13th Gen Core i5/ 16GB/ 1TB SSD/ Win11 Home)
160,Zebronics Pro Series Y ZEB-NBC 2S Laptop (11th Gen Core i5 / 16GB/ 512GB SSD/ Win11 Home)
170,Gigabyte G5 MF-F2IN313SH Laptop (12th Gen Core i5/ 16GB/ 512GB SSD/ Win11 Home/ 6GB Graph)
206,Asus TUF Gaming F15 2022 FX507ZC4-HN116W Gaming Laptop (12th Gen Core i5/ 16GB/512GB SSD/ Win11 / 4GB Graph)
216,Apple MacBook Air 15 2023 Laptop (Apple M2/ 8GB/ 512GB SSD/ MacOS)
107,Lenovo LOQ 15IRH8 82XV00F5IN 2023 Gaming Laptop (12th Gen Core i5/ 16GB/ 512GB SSD/ Win11/ 6GB Graph)
146,Apple MacBook Pro 16 2023 Laptop (Apple M3 Pro/ 18GB/ 512GB SSD/ macOS)
182,MSI Thin GF63 11UCX-1492IN Gaming Laptop (11th Gen Core i5/ 16GB/ 1TB 256GB SSD/ Win11 Home/ 4GB Graph)
189,Lenovo LOQ 15IRH8 82XV00F4IN 2023 Gaming Laptop (12th Gen Core i5/ 16GB/ 512GB SSD/ Win11/ 4GB Graph)
197,Asus Vivobook 16X 2023 K3605ZV-MB741WS Laptop (12th Gen Core i7/ 16GB/ 512GB SSD/ Win11 Home/ 8GB Graph)
